match_id,minute,team,type,player,player_id,assist,out,out_pid
1267473376,38,Ecuador,Yellow Card,J. Alcivar,2651824,,,
1267473376,39,Curaçao,Yellow Card,L. Bacuna,3058671,,,
1267473376,46,Ecuador,Substitution,J. Alcivar,2651824,,K. Rodriguez,58276680
1267473376,53,Curaçao,Yellow Card,J. Bacuna,3066721,,,
1267473376,56,Curaçao,Yellow Card,L. Comenencia,49871997,,,
1267473376,70,Ecuador,Substitution,P. Estupinan,7523845,,N. Angulo,50158577
1267473376,75,Curaçao,Yellow Card,J. Gaari,5934131,,,
1267473376,75,Curaçao,Substitution,J. Bacuna,3066721,,K. Gorre,6702101
1267473376,76,Curaçao,Substitution,D. Fonville,56963242,,R. van Eijma,5967780
1267473376,76,Curaçao,Substitution,T. Chong,146020,,J. Margaritha,31405941
1267473376,83,Ecuador,Substitution,A. Franco,2634114,,A. Preciado,416017
1267473376,83,Curaçao,Substitution,J. Locadia,3056095,,G. Kastaneer,6232142
1267473376,84,Curaçao,Substitution,L. Comenencia,49871997,,G. Roemeratoe,5931716
1267473376,89,Ecuador,Substitution,J. Yeboah,4091808,,J. Caicedo,2671144
1267473376,90+1,Curaçao,Yellow Card,G. Kastaneer,6232142,,,
1267474227,30,Ivory Coast,Goal,F. Kessie,264516,,,
1267474227,46,Germany,Substitution,N. Schlotterbeck,4225277,,A. Rudiger,368039
1267474227,60,Germany,Substitution,L. Sane,103838,,J. Leweling,20693967
1267474227,60,Germany,Substitution,J. Musiala,29271886,,D. Undav,4262629
1267474227,60,Germany,Substitution,A. Pavlovic,52813467,,N. Amiri,115108
1267474227,68,Germany,Goal,D. Undav,4262629,N. Amiri,,115108
1267474227,75,Ivory Coast,Substitution,A. Bonny,44379965,,E. Guessand,22105937
1267474227,75,Ivory Coast,Substitution,I. Sangare,3566143,,S. Fofana,4960081
1267474227,75,Ivory Coast,Substitution,A. Diallo,25437671,,S. Adingra,48585285
1267474227,82,Ivory Coast,Substitution,W. Singo,4911298,,G. Doue,26041421
1267474227,85,Ivory Coast,Substitution,Y. Diomande,82718090,,N. Pepe,522760
1267474227,85,Germany,Substitution,K. Havertz,157612,,L. Goretzka,82425
1267474227,90+4,Germany,Goal,D. Undav,4262629,F. Nmecha,,102711
1309695741,5,Netherlands,Goal,B. Brobbey,6238904,C. Gakpo,,39921
1309695741,17,Netherlands,Goal,B. Brobbey,6238904,D. Dumfries,,36540
1309695741,46,Netherlands,Substitution,D. Malen,40243,,C. Summerville,6073718
1309695741,47,Netherlands,Goal,C. Gakpo,39921,D. Dumfries,,36540
1309695741,53,Sweden,Yellow Card,G. Gudmundsson,7723163,,,
1309695741,54,Netherlands,Goal,C. Gakpo,39921,C. Summerville,,6073718
1309695741,55,Sweden,Substitution,A. Bernhardsson,7679210,,A. Elanga,24702384
1309695741,56,Sweden,Substitution,J. Karlstrom,7735721,,B. Zeneli,56487004
1309695741,56,Sweden,Substitution,B. Nygren,7728476,,L. Bergvall,55918030
1309695741,59,Sweden,Goal,A. Elanga,24702384,A. Isak,,461258
1309695741,59,Netherlands,Substitution,F. de Jong,86772,,T. Koopmeiners,5940893
1309695741,59,Netherlands,Substitution,T. Reijnders,5941376,,G. Til,5941859
1309695741,72,Netherlands,Substitution,B. Brobbey,6238904,,M. Depay,107541
1309695741,75,Sweden,Yellow Card,Y. Ayari,42797174,,,
1309695741,79,Sweden,Substitution,Y. Ayari,42797174,,T. Ali,25909079
1309695741,80,Sweden,Yellow Card,L. Bergvall,55918030,,,
1309695741,89,Netherlands,Goal,C. Summerville,6073718,M. Depay,,107541
1309695741,90,Netherlands,Substitution,C. Gakpo,39921,,N. Lang,87738
1309695741,90+3,Sweden,Substitution,G. Gudmundsson,7723163,,E. Stroud,36509319
1309694890,2,Paraguay,Goal,M. Galarza,49239106,J. Enciso,,11390421
1309694890,4,Paraguay,Yellow Card,M. Galarza,49239106,,,
1309694890,45+3,Paraguay,Red Card,M. Almiron,403781,,,
1309694890,46,Paraguay,Substitution,I. Pitta,11378024,,D. Bobadilla,31412381
1309694890,46,Turkey,Substitution,K. Akturkoglu,23016553,,B. Yilmaz,10187268
1309694890,60,Turkey,Substitution,I. Yuksek,34528697,,C. Uzun,54721961
1309694890,60,Turkey,Substitution,Y. Akgun,73248,,D. Gul,62559924
1309694890,63,Turkey,Yellow Card,V. Montella,,,,
1309694890,67,Paraguay,Substitution,D. Gomez,44817724,,G. Velazquez,5765242
1309694890,70,Turkey,Substitution,F. Kadioglu,219275,,E. Elmali,8059331
1309694890,71,Turkey,Yellow Card,E. Elmali,8059331,,,
1309694890,81,Paraguay,Substitution,J. Caceres,31554866,,A. Maidana,68428374
1309694890,86,Turkey,Substitution,A. Bardakci,9955911,,O. Kokcu,5982109
1309694890,90+2,Paraguay,Substitution,J. Enciso,11390421,,G. Avalos,1043917
1309694890,90+2,Paraguay,Substitution,M. Galarza,49239106,,J. Canale,11388006
1267470823,4,Haiti,Yellow Card,C. Arcus,3357004,,,
1267470823,23,Brazil,Goal,M. Cunha,187719,,,
1267470823,36,Brazil,Goal,M. Cunha,187719,Vinicius Junior,,122836
1267470823,40,Brazil,Substitution,Raphinha,241010,,Rayan,65656920
1267470823,45+3,Brazil,Goal,Vinicius Junior,122836,Lucas Paqueta,,265160
1267470823,45+4,Haiti,Yellow Card,F. Pierrot,1384915,,,
1267470823,46,Haiti,Substitution,C. Arcus,3357004,,D. Simon,31273116
1267470823,46,Haiti,Substitution,F. Pierrot,1384915,,W. Isidor,13538161
1267470823,62,Haiti,Substitution,J. Casimir,28161469,,L. Deedson,20731480
1267470823,64,Brazil,Substitution,Lucas Paqueta,265160,,G. Martinelli,20570963
1267470823,64,Brazil,Substitution,M. Cunha,187719,,Endrick,60716796
1267470823,65,Brazil,Yellow Card,Douglas Santos,4003580,,,
1267470823,71,Haiti,Substitution,R. Providence,26200167,,L. Joseph,3479847
1267470823,72,Haiti,Yellow Card,D. Jean Jacques,54477241,,,
1267470823,81,Brazil,Substitution,Vinicius Junior,122836,,Danilo Santos,44302524
1267470823,81,Brazil,Substitution,Bruno Guimaraes,1631889,,Ederson,1625771
1267470823,81,Haiti,Substitution,J. Bellegarde,3327219,,D. Etienne,8204392
1267471674,2,Morocco,Goal,I. Saibari,26065571,B. Diaz,,119938
1267471674,23,Morocco,Yellow Card,I. Diop,3029208,,,
1267471674,60,Scotland,Substitution,K. Tierney,179991,,B. Gannon-Doak,55315890
1267471674,65,Scotland,Yellow Card,A. Robertson,46683,,,
1267471674,71,Scotland,Substitution,C. Adams,3143518,,L. Dykes,7294581
1267471674,71,Scotland,Substitution,R. Christie,181279,,K. McLean,3071551
1267471674,84,Morocco,Substitution,I. Saibari,26065571,,S. Rahimi,5889373
1267471674,84,Morocco,Substitution,B. El Khannouss,54832407,,C. Talbi,54202253
1267471674,84,Morocco,Substitution,B. Diaz,119938,,A. Amaimouni,86142560
1267471674,89,Scotland,Substitution,N. Patterson,22285291,,A. Ralston,179669
1267471674,89,Scotland,Substitution,J. McGinn,3089905,,R. Stewart,7257712
1267471674,90,Morocco,Substitution,A. Ounahi,20878312,,S. El Mourabet,66884545
1267472525,11,USA,Own Goal,C. Burgess,3293731,,,
1267472525,16,Australia,Yellow Card,J. Bos,54351661,,,
1267472525,32,Australia,Yellow Card,A. Circati,56119602,,,
1267472525,43,USA,Goal,A. Freeman,57315188,,,
1267472525,46,Australia,Substitution,C. Burgess,3293731,,J. Geria,5449521
1267472525,46,Australia,Substitution,N. Velupillay,50306053,,C. Metcalfe,1111698
1267472525,46,Australia,Substitution,M. Toure,31934826,,N. Irankunda,54420408
1267472525,56,USA,Yellow Card,A. Robinson,3147543,,,
1267472525,61,Australia,Substitution,M. Leckie,443065,,C. Volpato,55067789
1267472525,74,USA,Substitution,R. Pepi,11892902,,S. Berhalter,32475947
1267472525,78,Australia,Substitution,P. Okon-Engstler,71044463,,J. Irvine,442743
1267472525,80,USA,Substitution,S. Dest,6236489,,J. Scally,8187326
1267472525,80,USA,Substitution,A. Robinson,3147543,,A. Trusty,8168811
1267472525,88,Australia,Yellow Card,H. Souttar,3232873,,,
1267472525,89,USA,Yellow Card,F. Balogun,22352589,,,
1267472525,89,Australia,Yellow Card,J. Italiano,1096242,,,
1267472525,90+3,USA,Yellow Card,C. Richards,20438943,,,
1267472525,90+6,USA,Substitution,F. Balogun,22352589,,H. Wright,68901
1267472525,90+6,USA,Substitution,W. McKennie,66969,,G. Reyna,26069435
1267469972,4,South Korea,Yellow Card,Lee Kang-In,149401,,,
1267469972,50,Mexico,Goal,L. Romo,5791324,,,
1267469972,57,South Korea,Substitution,Lee Jae-Sung,468020,,Hwang Hee-Chan,4007122
1267469972,57,South Korea,Substitution,Son Heung-Min,30100,,Oh Hyeon-Gyu,5588464
1267469972,58,South Korea,Yellow Card,Paik Seung-Ho,468503,,,
1267469972,71,Mexico,Substitution,B. Gutierrez,34169667,,O. Pineda,5727890
1267469972,71,Mexico,Substitution,L. Romo,5791324,,O. Vargas,50454817
1267469972,71,South Korea,Substitution,Seol Young-Woo,31875739,,Yang Hyun-Jun,49098392
1267469972,71,South Korea,Substitution,Kim Moon-Hwan,468986,,Eom Ji-Sung,38165204
1267469972,77,South Korea,Substitution,Paik Seung-Ho,468503,,Cho Gue-Sung,5508125
1267469972,80,Mexico,Substitution,R. Jimenez,464961,,S. Gimenez,15224636
1267469972,80,Mexico,Substitution,R. Alvarado,463673,,I. Reyes,20483701
1267469972,84,Mexico,Substitution,J. Quinones,5720806,,C. S. Huerta Valera,5814025
1267469121,9,Canada,Yellow Card,D. Cornelius,8258649,,,
1267469121,16,Canada,Goal,C. Larin,322315,,,
1267469121,29,Canada,Goal,J. David,1366883,,,
1267469121,33,Qatar,Red Card,H. Al Amin,28245833,,,
1267469121,40,Qatar,Substitution,Y. Abdurisag,87349255,,S. Al Brake,6771814
1267469121,45+3,Canada,Goal,J. David,1366883,,,
1267469121,46,Qatar,Substitution,Edmilson Junior,6774229,,A. Fathi,408933
1267469121,46,Qatar,Substitution,J. Gaber,32358095,,M. Al Mannai,45591168
1267469121,46,Canada,Substitution,D. Cornelius,8258649,,M. Bombito,65529891
1267469121,53,Qatar,Red Card,A. O. Madibo,408289,,,
1267469121,57,Canada,Substitution,I. Kone,52815560,,N. Saliba,47466818
1267469121,59,Qatar,Substitution,A. Afif,409738,,A. Al Hussain,87349416
1267469121,62,Qatar,Yellow Card,A. Fathi,408933,,,
1267469121,64,Canada,Goal,N. Saliba,47466818,,,
1267469121,71,Canada,Substitution,L. De Fougerolles,52765972,,J. Shaffelburg,8183140
1267469121,71,Canada,Substitution,A. Ahmed,58305499,,T. Oluwaseyi,56605661
1267469121,75,Canada,Own Goal,M. Al Mannai,45591168,,,
1267469121,83,Canada,Substitution,T. Buchanan,8213730,,N. Sigur,67121215
1267469121,87,Qatar,Substitution,A. Fathi,408933,,Lucas Mendes,6808522
1267469121,90+2,Canada,Goal,J. David,1366883,N. Saliba,,47466818
1309694039,59,Bosnia & Herzegovina,Yellow Card,A. Dedic,1178352,,,
1309694039,61,Bosnia & Herzegovina,Yellow Card,E. Dzeko,127344,,,
1309694039,63,Bosnia & Herzegovina,Substitution,B. Tahirovic,42519288,,I. Basic,26117896
1309694039,64,Bosnia & Herzegovina,Substitution,E. Dzeko,127344,,E. Bajraktarevic,53035003
1309694039,65,Switzerland,Yellow Card,N. Elvedi,451437,,,
1309694039,71,Switzerland,Substitution,D. Ndoye,7832482,,J. Manzambi,65405438
1309694039,71,Switzerland,Substitution,F. Rieder,26248306,,R. Vargas,7803985
1309694039,71,Switzerland,Substitution,M. Aebischer,153265,,D. Sow,154231
1309694039,74,Switzerland,Goal,J. Manzambi,65405438,,,
1309694039,80,Bosnia & Herzegovina,Red Card,T. Muharemovic,43687504,,,
1309694039,84,Switzerland,Goal,R. Vargas,7803985,B. Embolo,,67935
1309694039,86,Bosnia & Herzegovina,Substitution,E. Demirovic,7555884,,J. Lukic,12403111
1309694039,86,Bosnia & Herzegovina,Substitution,I. Sunjic,213318,,A. Hadziahmetovic,8051120
1309694039,86,Switzerland,Substitution,S. Widmer,7789012,,L. Jaquez,56244538
1309694039,89,Switzerland,Substitution,B. Embolo,67935,,C. Itten,7808171
1309694039,90,Switzerland,Goal,J. Manzambi,65405438,R. Vargas,,7803985
1309694039,90+1,Bosnia & Herzegovina,Substitution,K. Alajbegovic,63685153,,E. Mahmic,54768007
1309694039,90+3,Bosnia & Herzegovina,Goal,E. Mahmic,54768007,,,
1309694039,90+6,Switzerland,Penalty,G. Xhaka,235858,,,
1309693188,6,Czech Republic,Goal,M. Sadilek,38955,A. Sojka,,62280911
1309693188,33,South Africa,Yellow Card,T. Mokoena,529361,,,
1309693188,40,South Africa,Yellow Card,T. Mbatha,31303384,,,
1309693188,46,South Africa,Substitution,J. Adams,43262464,,R. Mofokeng,66678143
1309693188,55,Czech Republic,Substitution,V. Darida,4081182,,P. Sulc,10688461
1309693188,55,Czech Republic,Substitution,A. Sojka,62280911,,J. Zeleny,199311
1309693188,66,South Africa,Substitution,I. Rayners,20516223,,E. Makgopa,32418148
1309693188,67,Czech Republic,Substitution,A. Hlozek,10629213,,L. Provod,10682987
1309693188,67,Czech Republic,Substitution,M. Sadilek,38955,,T. Soucek,200277
1309693188,75,Czech Republic,Yellow Card,L. Krejci,10691681,,,
1309693188,78,Czech Republic,Substitution,L. Cerv,26113388,,D. Zima,20732446
1309693188,83,South Africa,Penalty,T. Mokoena,529361,,,
1309693188,84,South Africa,Substitution,T. Maseko,57127945,,K. Sebelebele,57889475
1267468270,7,Colombia,Yellow Card,J. Mojica,10347302,,,
1267468270,34,Uzbekistan,Yellow Card,A. Khusanov,57978508,,,
1267468270,40,Colombia,Goal,D. Munoz,2211650,L. Diaz,,400883
1267468270,46,Uzbekistan,Substitution,O. Urunov,11612601,,D. Khamdamov,8667428
1267468270,46,Uzbekistan,Substitution,S. Nasrullaev,11835908,,F. Sayfiev,85774353
1267468270,60,Uzbekistan,Goal,A. Fayzullaev,42451990,,,
1267468270,65,Colombia,Goal,L. Diaz,400883,G. Puerta,,52169628
1267468270,72,Colombia,Substitution,J. Rodriguez,83391,,J. Campaz,2153690
1267468270,77,Uzbekistan,Substitution,A. Fayzullaev,42451990,,A. Amonov,10559178
1267468270,77,Uzbekistan,Substitution,R. Ashurmatov,5493635,,J. Urozov,57706901
1267468270,80,Colombia,Substitution,L. Suarez,7605311,,C. Hernandez,7660856
1267468270,80,Colombia,Substitution,G. Puerta,52169628,,R. Rios,31411898
1267468270,90+3,Colombia,Substitution,L. Diaz,400883,,A. Gomez,55665582
1267468270,90+3,Colombia,Substitution,J. Arias,2207142,,K. Castano,46624466
1267468270,90+3,Uzbekistan,Substitution,E. Shomurodov,8619289,,I. Sergeev,11612762
1267468270,90+9,Colombia,Goal,J. Campaz,2153690,C. Hernandez,,7660856
1267467419,16,Ghana,Yellow Card,C. Yirenkyi,76567729,,,
1267467419,46,Ghana,Substitution,L. Ati Zigi,549486,,B. Asare,90036667
1267467419,58,Ghana,Substitution,E. Nuamah,56487970,,I. Fatawu,48858341
1267467419,58,Ghana,Substitution,K. Sulemana,32173911,,B. Thomas-Asante,13216644
1267467419,63,Panama,Substitution,C. Waterman,8315482,,J. Fajardo,480417
1267467419,63,Panama,Substitution,C. Martinez,89227642,,A. Londono,47075910
1267467419,73,Panama,Yellow Card,C. Blackman,479129,,,
1267467419,74,Panama,Substitution,J. Rodriguez,479773,,I. Diaz,15555169
1267467419,78,Ghana,Substitution,E. Owusu,3382764,,K. Sibo,581042
1267467419,87,Ghana,Substitution,J. Ayew,552062,,P. Adu,66012730
1267467419,90,Panama,Substitution,C. Blackman,479129,,A. Godoy,479451
1267467419,90+5,Ghana,Goal,C. Yirenkyi,76567729,B. Thomas-Asante,,13216644
1267467419,90+10,Panama,Yellow Card,C. Harvey,11468184,,,
1267466568,12,England,Penalty,H. Kane,29778,,,
1267466568,36,Croatia,Goal,M. Baturina,47499340,P. Sucic,,56061159
1267466568,42,England,Goal,H. Kane,29778,D. Rice,,473011
1267466568,45+5,Croatia,Goal,P. Musa,10635009,I. Perisic,,33481
1267466568,47,England,Goal,J. Bellingham,20884752,E. Anderson,,22364342
1267466568,58,Croatia,Substitution,L. Modric,121548,,M. Kovacic,369005
1267466568,66,Croatia,Substitution,L. Vuskovic,62391035,,M. Pasalic,41999419
1267466568,66,Croatia,Substitution,P. Musa,10635009,,I. Matanovic,32634210
1267466568,72,England,Substitution,A. Gordon,22344861,,M. Rashford,146503
1267466568,72,England,Substitution,N. Madueke,22012557,,B. Saka,235214
1267466568,72,England,Substitution,D. Rice,473011,,M. Rogers,3086524
1267466568,78,Croatia,Substitution,M. Baturina,47499340,,N. Vlasic,135716
1267466568,79,Croatia,Substitution,M. Pasalic,444997,,A. Kramaric,117040
1267466568,80,England,Substitution,J. Bellingham,20884752,,D. Spence,3096989
1267466568,85,England,Goal,M. Rashford,146503,B. Saka,,235214
1267466568,87,England,Substitution,J. Stones,100940,,M. Guehi,10943485
1309692337,6,Portugal,Goal,J. Neves,53943365,P. Neto,,300258
1309692337,13,Portugal,Yellow Card,B. Silva,102550,,,
1309692337,32,Congo DR,Yellow Card,C. Mbemba,60529,,,
1309692337,45+5,Congo DR,Goal,Y. Wissa,3324643,A. Masuaku,,3029530
1309692337,46,Portugal,Substitution,B. Silva,102550,,F. Conceicao,26015339
1309692337,57,Congo DR,Substitution,N. Mukau,60471432,,N. Sadiki,58818445
1309692337,71,Portugal,Substitution,P. Neto,300258,,R. Leao,3580150
1309692337,72,Portugal,Substitution,N. Mendes,42420756,,N. Semedo,21084
1309692337,74,Congo DR,Substitution,E. Kayembe,229418,,C. Pickel,7817509
1309692337,74,Congo DR,Substitution,A. Masuaku,3029530,,J. Kayembe,3396932
1309692337,83,Portugal,Substitution,Vitinha,20669978,,G. Ramos,6695339
1309692337,85,Congo DR,Substitution,C. Bakambu,488467,,S. Banza,3328668
1309692337,85,Congo DR,Substitution,A. Wan-Bissaka,3034360,,G. Kalulu,3903599
1309692337,88,Portugal,Yellow Card,N. Semedo,21084,,,
1309692337,90+2,Portugal,Yellow Card,T. Araujo,26072333,,,
1267464866,21,Austria,Goal,R. Schmid,1217636,X. Schlager,,176449
1267464866,46,Austria,Substitution,S. Kalajdzic,1243396,,M. Arnautovic,3031784
1267464866,50,Jordan,Goal,A. Olwan,26408340,N. Al Rawabdeh,,22638203
1267464866,59,Austria,Substitution,X. Schlager,176449,,C. Chukwuemeka,22368689
1267464866,59,Austria,Substitution,D. Alaba,81459,,K. Danso,4071361
1267464866,59,Austria,Substitution,P. Mwene,4172469,,P. Wanner,52791249
1267464866,67,Austria,VAR Goal Cancelled,M. Arnautovic,3031784,,,
1267464866,72,Jordan,Substitution,M. Abualnadi,16508772,,S. Obaid,11614694
1267464866,76,Austria,Own Goal,Y. Al Arab,8678054,,,
1267464866,77,Austria,Yellow Card,M. Sabitzer,186753,,,
1267464866,81,Jordan,Substitution,A. Nasib,50044589,,S. Al Rosan,34450612
1267464866,81,Jordan,Substitution,E. Haddad,8678376,,M. Al Mardi,19888484
1267464866,83,Austria,Substitution,R. Schmid,1217636,,P. Wimmer,20389516
1267464866,88,Jordan,Substitution,M. Tamari,2461200,,M. Al Daoud,104826610
1267464866,89,Jordan,Substitution,O. Al Fakhouri,91537670,,A. Azaizeh,92620717
1267464866,90+12,Austria,Penalty,M. Arnautovic,3031784,,,
1267464015,8,Algeria,VAR Goal Cancelled - Offside,F. Chaibi,44544024,,,
1267464015,17,Argentina,Goal,L. Messi,24948,R. de Paul,,398146
1267464015,46,Argentina,Substitution,G. Montiel,397502,,N. Molina,1047137
1267464015,55,Argentina,Substitution,L. Martinez,35091,,J. Alvarez,967603
1267464015,55,Argentina,Substitution,T. Almada,976941,,N. Gonzalez,4236869
1267464015,60,Argentina,Goal,L. Messi,24948,,,
1267464015,64,Algeria,Substitution,H. Boudaoui,708393,,H. Aouar,106092
1267464015,64,Algeria,Substitution,A. Gouiri,13691755,,M. Amoura,32222533
1267464015,64,Algeria,Substitution,A. Hadj Moussa,52496941,,R. Mahrez,102389
1267464015,76,Argentina,Goal,L. Messi,24948,N. Gonzalez,,4236869
1267464015,80,Argentina,Substitution,L. Messi,24948,,N. Paz,56356111
1267464015,80,Argentina,Substitution,C. Romero,4955090,,N. Otamendi,100618
1267464015,81,Algeria,Substitution,I. Maza,61274661,,A. Boulbina,52995397
1267464015,82,Algeria,Substitution,N. Bentaleb,66003,,R. Zerrouki,20776721
1309703400,29,Norway,Goal,E. Haaland,177254,D. Wolfe,,42791056
1309703400,39,Iraq,Goal,A. Hussein,7961765,A. Al Ammari,,7694666
1309703400,43,Norway,Goal,E. Haaland,177254,,,
1309703400,59,Iraq,Substitution,Z. Ismaeel,100863273,,Z. Iqbal,45771649
1309703400,59,Iraq,Substitution,A. Al Hamadi,48270047,,M. Farji,42737282
1309703400,73,Norway,Substitution,A. Nusa,50636425,,A. Schjelderup,48546162
1309703400,73,Norway,Substitution,F. Aursnes,6286077,,K. Thorstvedt,6302177
1309703400,73,Norway,Substitution,D. Wolfe,42791056,,L. Ostigard,3053841
1309703400,73,Norway,Substitution,A. Sorloth,1367366,,O. Bobb,44779567
1309703400,73,Iraq,Substitution,H. Ali,23420019,,M. Saadoon,68777261
1309703400,73,Iraq,Substitution,A. Jasim,87365838,,A. Qasem,36887186
1309703400,76,Norway,Goal,L. Ostigard,3053841,M. Odegaard,,5977601
1309703400,78,Iraq,Substitution,I. Bayesh,22660421,,Meme,8677088
1309703400,81,Norway,Substitution,M. Odegaard,5977601,,P. Berg,6289458
1309703400,86,Iraq,Yellow Card,Z. Tahseen,47716207,,,
1309703400,90+6,Norway,Own Goal,A. Hussein,7961765,,,
1267465717,66,France,Goal,K. Mbappe,44912,M. Olise,,3158491
1267465717,75,Senegal,Substitution,I. Sarr,357252,,I. Mbaye,71846243
1267465717,76,Senegal,Substitution,L. Camara,60223492,,H. Diarra,52748745
1267465717,80,France,Substitution,O. Dembele,24787,,B. Barcola,26066698
1267465717,82,France,Goal,B. Barcola,26066698,A. Rabiot,,43946
1267465717,83,Senegal,Substitution,P. Gueye,3332210,,I. Ndiaye,2993466
1267465717,83,Senegal,Substitution,N. Jackson,45572492,,B. Dieng,45735746
1267465717,87,France,Substitution,D. Doue,55227501,,R. Cherki,25192951
1267465717,88,Senegal,Substitution,I. Gueye,481544,,P. Ciss,6690026
1267465717,90+5,Senegal,Goal,I. Mbaye,71846243,I. Ndiaye,,2993466
1267465717,90+6,France,Goal,K. Mbappe,44912,,,
1267461462,7,New Zealand,Goal,E. Just,15187767,C. Wood,,3048045
1267461462,32,Iran,Goal,R. Rezaeian,433405,,,
1267461462,46,Iran,Substitution,A. Yousefi,55288359,,M. Ghaedi,103670952
1267461462,53,Iran,Substitution,S. Moghanlou,14487256,,A. Alipour,4785074
1267461462,54,New Zealand,Goal,E. Just,15187767,C. Wood,,3048045
1267461462,64,Iran,Goal,M. Mohebi,21609091,R. Rezaeian,,433405
1267461462,65,Iran,Substitution,S. Ghoddos,434693,,E. Hajsafi,432439
1267461462,68,New Zealand,Substitution,L. Cacace,1116045,,B. Old,28956970
1267461462,68,New Zealand,Substitution,C. McCowatt,15185996,,R. Thomas,39116
1267461462,78,New Zealand,Substitution,T. Payne,15189860,,C. Elliot,1116206
1267461462,80,Iran,Substitution,M. Taremi,6812869,,A. Hosseinzadeh,4820011
1267461462,89,Iran,Yellow Card,E. Hajsafi,432439,,,
1267461462,90+2,New Zealand,Substitution,S. Singh,1116689,,J. Randall,25548922
1267461462,90+2,New Zealand,Substitution,M. Stamenic,28957936,,T. Bindon,69364589
1267462313,41,Saudi Arabia,Goal,A. Al Amri,7160629,,,
1267462313,44,Saudi Arabia,Yellow Card,A. Al Amri,7160629,,,
1267462313,46,Uruguay,Substitution,M. Vina,8303246,,J. Sanabria,26225605
1267462313,46,Uruguay,Substitution,D. Nunez,8310491,,A. Canobbio,8308237
1267462313,63,Saudi Arabia,Substitution,M. Al Juwayr,49327334,,N. Al Dawsari,7138733
1267462313,72,Uruguay,Substitution,M. Ugarte,8290688,,N. de la Cruz,965349
1267462313,80,Uruguay,Goal,M. Araujo,8336090,,,
1267462313,81,Uruguay,Substitution,M. Araujo,8336090,,B. Rodriguez,8310652
1267462313,81,Saudi Arabia,Substitution,M. Abu Al Shamat,64897161,,N. Boushal,21734349
1267462313,90,Uruguay,Substitution,F. Vinas,8296484,,R. Aguirre,2653756
1267462313,90+2,Saudi Arabia,Substitution,S. Abdulhamid,7179788,,A. Lajami,7165781
1267462313,90+3,Saudi Arabia,Substitution,M. Al Harbi,32583495,,A. Al Hamdan,7145656
1267462313,90+3,Saudi Arabia,Substitution,F. Al Buraikan,7136318,,A. Hejji,95595353
1267460611,13,Egypt,Yellow Card,M. Attia,30682729,,,
1267460611,14,Belgium,Yellow Card,T. Castagne,470274,,,
1267460611,19,Egypt,Goal,E. Ashour,2780463,M. Salah,,49420
1267460611,34,Egypt,Yellow Card,A. Fatouh,426643,,,
1267460611,56,Belgium,Substitution,T. Castagne,470274,,N. Raskin,341474
1267460611,56,Belgium,Substitution,A. Onana,26197108,,M. De Cuyper,26083281
1267460611,66,Belgium,Substitution,C. De Ketelaere,23805453,,R. Lukaku,146181
1267460611,66,Belgium,Own Goal,M. Hany,427448,,,
1267460611,71,Egypt,Substitution,E. Ashour,2780463,,R. Rabia,2705759
1267460611,75,Belgium,Yellow Card,M. De Cuyper,26083281,,,
1267460611,76,Egypt,Substitution,M. Ziko,63607229,,Zizo,2716385
1267460611,76,Egypt,Substitution,M. Salah,49420,,H. Abdelkarim,88638221
1267460611,86,Belgium,Substitution,J. Doku,229096,,M. Fernandez-Pardo,54752551
1267460611,86,Belgium,Substitution,K. De Bruyne,101423,,H. Vanaken,12712
1267460611,89,Egypt,Substitution,H. Fathy,2707047,,I. Adel,11356289
1267460611,89,Egypt,Substitution,A. Fatouh,426643,,K. Hafez,427770
1267463164,16,Cape Verde,Yellow Card,S. Lopes Cabral,49699083,,,
1267463164,61,Cape Verde,Substitution,J. Cabral,240688,,W. Semedo,18286534
1267463164,61,Cape Verde,Substitution,D. Livramento,55269361,,N. Da Costa,3584819
1267463164,61,Cape Verde,Substitution,L. Duarte,6027350,,D. Duarte,6027189
1267463164,71,Spain,Substitution,F. Ruiz,52962,,M. Merino,7617225
1267463164,71,Spain,Substitution,Gavi,47763541,,Lamine Yamal,62279462
1267463164,76,Cape Verde,Substitution,S. Lopes Cabral,49699083,,Joao Paulo,22864730
1267463164,79,Cape Verde,Substitution,J. Monteiro,8170099,,T. Arcanjo,42754670
1267463164,81,Spain,Substitution,F. Torres,150045,,D. Olmo,213157
1267463164,87,Spain,Substitution,Rodri,7238,,N. Williams,29591793
1267463164,90+3,Spain,Yellow Card,Pedri,21511203,,,
1309691486,7,Sweden,Goal,Y. Ayari,42797174,,,
1309691486,30,Sweden,Goal,A. Isak,461258,V. Gyokeres,,3055773
1309691486,43,Tunisia,Goal,O. Rekik,26254102,H. Mejbri,,29070314
1309691486,54,Tunisia,Yellow Card,R. Khedira,4073454,,,
1309691486,59,Sweden,Goal,V. Gyokeres,3055773,A. Isak,,461258
1309691486,65,Sweden,Substitution,G. Gudmundsson,7723163,,E. Stroud,36509319
1309691486,65,Sweden,Substitution,B. Nygren,7728476,,L. Bergvall,55918030
1309691486,72,Tunisia,Substitution,E. Saad,52159968,,S. Tounekti,9260552
1309691486,72,Tunisia,Substitution,Y. Valery,3049816,,M. Belhadj,10818549
1309691486,72,Tunisia,Substitution,E. Skhiri,3475661,,E. Achouri,6764086
1309691486,83,Tunisia,Substitution,R. Khedira,4073454,,I. Gharbi,49941710
1309691486,84,Tunisia,Substitution,A. Slimane,32089064,,F. Chaouat,477036
1309691486,84,Sweden,Substitution,J. Karlstrom,7735721,,M. Svanberg,4908078
1309691486,84,Sweden,Goal,M. Svanberg,4908078,A. Isak,,461258
1309691486,90+1,Sweden,Substitution,A. Isak,461258,,A. Elanga,24702384
1309691486,90+1,Sweden,Substitution,A. Bernhardsson,7679210,,D. Svensson,31983448
1309691486,90+6,Sweden,Goal,Y. Ayari,42797174,L. Bergvall,,55918030
1267458909,28,Ivory Coast,Yellow Card,S. Fofana,4960081,,,
1267458909,38,Ivory Coast,Yellow Card,F. Kessie,264516,,,
1267458909,40,Ivory Coast,Yellow Card,G. Doue,26041421,,,
1267458909,56,Ecuador,Substitution,A. Minda,45192049,,N. Angulo,50158577
1267458909,56,Ivory Coast,Substitution,E. Wahi,26195981,,A. Bonny,44379965
1267458909,56,Ivory Coast,Substitution,B. Toure,62410677,,A. Diallo,25437671
1267458909,62,Ecuador,Substitution,J. Yeboah,4091808,,A. Preciado,416017
1267458909,62,Ecuador,Substitution,A. Franco,2634114,,J. Porozo,414729
1267458909,73,Ecuador,Yellow Card,J. Porozo,414729,,,
1267458909,77,Ivory Coast,Substitution,N. Pepe,522760,,C. Inao Oulai,76409305
1267458909,77,Ivory Coast,Substitution,S. Fofana,4960081,,I. Sangare,3566143
1267458909,77,Ecuador,Substitution,E. Valencia,5720967,,K. Rodriguez,58276680
1267458909,89,Ivory Coast,Substitution,G. Doue,26041421,,O. Kossounou,7747313
1267458909,90,Ivory Coast,Goal,A. Diallo,25437671,W. Singo,,4911298
1267459760,51,Netherlands,Goal,V. van Dijk,46844,R. Gravenberch,,87416
1267459760,57,Japan,Goal,K. Nakamura,5364835,T. Kubo,,5290936
1267459760,61,Netherlands,Yellow Card,C. Summerville,6073718,,,
1267459760,64,Netherlands,Goal,C. Summerville,6073718,R. Gravenberch,,87416
1267459760,66,Japan,Substitution,D. Maeda,5349218,,J. Ito,312816
1267459760,70,Netherlands,Substitution,D. Malen,40243,,M. Depay,107541
1267459760,70,Netherlands,Substitution,C. Summerville,6073718,,T. Koopmeiners,5940893
1267459760,70,Netherlands,Substitution,T. Reijnders,5941376,,Q. Timber,6238421
1267459760,75,Japan,Substitution,T. Watanabe,5290292,,T. Tomiyasu,418271
1267459760,75,Japan,Substitution,T. Kubo,5290936,,K. Ogawa,5359683
1267459760,75,Japan,Substitution,R. Doan,418432,,Y. Sugawara,5294961
1267459760,81,Netherlands,Substitution,R. Gravenberch,87416,,N. Ake,3036775
1267459760,83,Netherlands,Yellow Card,M. Depay,107541,,,
1267459760,84,Japan,Substitution,A. Ueda,11617109,,K. Shiogai,68034246
1267459760,85,Netherlands,Substitution,C. Gakpo,39921,,B. Brobbey,6238904
1267459760,88,Japan,Goal,D. Kamada,418915,K. Ogawa,,5359683
1267459760,90+1,Netherlands,Yellow Card,M. van de Ven,24608843,,,
1267458058,6,Germany,Goal,F. Nmecha,102711,F. Wirtz,,32719218
1267458058,21,Curaçao,Goal,L. Comenencia,49871997,,,
1267458058,38,Germany,Goal,N. Schlotterbeck,4225277,N. Brown,,45092068
1267458058,45+5,Germany,Penalty,K. Havertz,157612,,,
1267458058,46,Curaçao,Substitution,S. Hansen,26063478,,J. Antonisse,26278574
1267458058,47,Germany,Goal,J. Musiala,29271886,J. Kimmich,,80976
1267458058,64,Germany,Substitution,J. Musiala,29271886,,D. Undav,4262629
1267458058,65,Curaçao,Substitution,J. Locadia,3056095,,J. Margaritha,31405941
1267458058,68,Germany,Goal,N. Brown,45092068,D. Undav,,4262629
1267458058,73,Germany,Substitution,J. Tah,156646,,A. Rudiger,368039
1267458058,73,Germany,Substitution,F. Nmecha,102711,,L. Goretzka,82425
1267458058,73,Germany,Substitution,N. Brown,45092068,,D. Raum,4050592
1267458058,78,Germany,Goal,D. Undav,4262629,J. Kimmich,,80976
1267458058,83,Curaçao,Substitution,T. Chong,146020,,G. Kastaneer,6232142
1267458058,83,Germany,Substitution,J. Kimmich,80976,,W. Anton,4084402
1267458058,88,Germany,Goal,K. Havertz,157612,D. Undav,,4262629
1309690635,27,Australia,Goal,N. Irankunda,54420408,P. Okon-Engstler,,71044463
1309690635,46,Turkey,Substitution,B. Yilmaz,10187268,,K. Yildiz,54721317
1309690635,61,Australia,Substitution,N. Irankunda,54420408,,N. Velupillay,50306053
1309690635,62,Turkey,Substitution,O. Kokcu,5982109,,Y. Akgun,73248
1309690635,74,Australia,Substitution,M. Toure,31934826,,T. Yengi,47759999
1309690635,74,Australia,Substitution,J. Italiano,1096242,,J. Geria,5449521
1309690635,75,Australia,Goal,C. Metcalfe,1111698,,,
1309690635,81,Turkey,Substitution,I. Yuksek,34528697,,S. Ozcan,3994081
1309690635,81,Turkey,Substitution,Z. Celik,3577896,,M. Muldur,276913
1309690635,84,Australia,Substitution,J. Bos,54351661,,A. Behich,36379
1309690635,84,Australia,Substitution,P. Okon-Engstler,71044463,,J. Irvine,442743
1309690635,85,Turkey,Substitution,K. Akturkoglu,23016553,,D. Gul,62559924
1309690635,86,Turkey,Yellow Card,Y. Akgun,73248,,,
1267456356,28,Scotland,Goal,J. McGinn,3089905,,,
1267456356,39,Haiti,Yellow Card,J. Bellegarde,3327219,,,
1267456356,46,Scotland,Yellow Card,A. Hickey,7224385,,,
1267456356,61,Haiti,Substitution,L. Deedson,20731480,,J. Casimir,28161469
1267456356,75,Scotland,Substitution,B. Gannon-Doak,55315890,,R. Christie,181279
1267456356,75,Scotland,Substitution,A. Hickey,7224385,,N. Patterson,22285291
1267456356,75,Scotland,Substitution,C. Adams,3143518,,L. Dykes,7294581
1267456356,76,Haiti,Substitution,W. Isidor,13538161,,L. Joseph,3479847
1267456356,83,Scotland,Substitution,J. McGinn,3089905,,F. Curtis,69756946
1267456356,83,Scotland,Substitution,L. Shankland,7273329,,K. McLean,3071551
1267456356,85,Haiti,Substitution,R. Providence,26200167,,Y. Fortune,7814289
1267456356,90+1,Scotland,Yellow Card,F. Curtis,69756946,,,
1267456356,90+5,Scotland,Yellow Card,K. McLean,3071551,,,
1267455505,21,Morocco,Goal,I. Saibari,26065571,B. Diaz,,119938
1267455505,32,Brazil,Goal,Vinicius Junior,122836,Bruno Guimaraes,,1631889
1267455505,37,Brazil,Yellow Card,Casemiro,120421,,,
1267455505,43,Brazil,Yellow Card,Ibanez,4898418,,,
1267455505,46,Brazil,Substitution,Ibanez,4898418,,Danilo,99652
1267455505,46,Brazil,Substitution,Casemiro,120421,,Fabinho,48293
1267455505,61,Brazil,Substitution,Lucas Paqueta,265160,,M. Cunha,187719
1267455505,62,Brazil,Substitution,I. Thiago,31581270,,Luiz Henrique,42791539
1267455505,65,Morocco,Substitution,B. Diaz,119938,,C. Talbi,54202253
1267455505,65,Morocco,Substitution,A. Ounahi,20878312,,S. El Mourabet,66884545
1267455505,80,Morocco,Substitution,N. Mazraoui,87899,,A. Salah-Eddine,26154765
1267455505,80,Morocco,Substitution,B. El Khannouss,54832407,,A. Amaimouni,86142560
1267455505,80,Brazil,Substitution,Bruno Guimaraes,1631889,,Danilo Santos,44302524
1267455505,89,Morocco,Substitution,I. Saibari,26065571,,S. Rahimi,5889373
1267457207,16,Qatar,Yellow Card,M. Abunada,6795481,,,
1267457207,17,Switzerland,Penalty,B. Embolo,67935,,,
1267457207,23,Qatar,Yellow Card,J. Gaber,32358095,,,
1267457207,42,Switzerland,Yellow Card,D. Zakaria,452564,,,
1267457207,60,Qatar,Substitution,A. Al Oui,87350382,,A. Fathi,408933
1267457207,60,Qatar,Substitution,J. Gaber,32358095,,K. Boudiaf,408611
1267457207,60,Qatar,Substitution,Y. Abdurisag,87349255,,A. Alaaeldin,409416
1267457207,65,Switzerland,Substitution,D. Ndoye,7832482,,J. Manzambi,65405438
1267457207,65,Switzerland,Substitution,M. Aebischer,153265,,F. Rieder,26248306
1267457207,79,Qatar,Substitution,A. O. Madibo,408289,,M. Al Mannai,45591168
1267457207,79,Switzerland,Substitution,R. Vargas,7803985,,Z. Amdouni,19878663
1267457207,89,Qatar,Substitution,Edmilson Junior,6774229,,H. Al Haydos,409899
1267457207,89,Switzerland,Substitution,R. Rodriguez,262745,,M. Muheim,7806883
1267457207,89,Switzerland,Substitution,R. Freuler,452081,,A. Jashari,42617659
1267457207,90+4,Qatar,Goal,B. Khoukhi,407806,H. Al Amin,,28245833
1267454654,7,USA,Own Goal,D. Bobadilla,31412381,,,
1267454654,10,Paraguay,Yellow Card,J. Caceres,31554866,,,
1267454654,28,USA,VAR Goal Cancelled - Offside,F. Balogun,22352589,,,
1267454654,31,USA,Goal,F. Balogun,22352589,C. Pulisic,,2891
1267454654,45+5,USA,Goal,F. Balogun,22352589,M. Tillman,,26088111
1267454654,46,Paraguay,Substitution,D. Bobadilla,31412381,,Mauricio,17144239
1267454654,46,USA,Substitution,C. Pulisic,2891,,S. Berhalter,32475947
1267454654,53,Paraguay,Yellow Card,M. Almiron,403781,,,
1267454654,59,USA,Yellow Card,T. Adams,185304,,,
1267454654,62,Paraguay,Substitution,A. Sanabria,406196,,A. Arce,15369214
1267454654,72,USA,Substitution,S. Dest,6236489,,T. Weah,183372
1267454654,72,USA,Substitution,F. Balogun,22352589,,R. Pepi,11892902
1267454654,73,Paraguay,Goal,Mauricio,17144239,J. Enciso,,11390421
1267454654,79,Paraguay,Yellow Card,D. Gomez,44817724,,,
1267454654,79,Paraguay,Substitution,M. Almiron,403781,,R. Sosa,31604132
1267454654,79,Paraguay,Substitution,J. Caceres,31554866,,G. Velazquez,5765242
1267454654,80,Paraguay,Substitution,D. Gomez,44817724,,Kaku,404908
1267454654,82,USA,Substitution,M. Tillman,26088111,,G. Reyna,26069435
1267454654,88,Paraguay,Yellow Card,A. Arce,15369214,,,
1267454654,90+3,Paraguay,Yellow Card,J. Alonso,402493,,,
1267454654,90+8,USA,Goal,G. Reyna,26069435,A. Freeman,,57315188
1309689784,11,Canada,Yellow Card,A. Johnston,12646221,,,
1309689784,21,Bosnia & Herzegovina,Goal,J. Lukic,12403111,S. Kolasinac,,232316
1309689784,45,Bosnia & Herzegovina,Yellow Card,E. Demirovic,7555884,,,
1309689784,45+1,Bosnia & Herzegovina,Yellow Card,J. Lukic,12403111,,,
1309689784,53,Canada,Yellow Card,L. De Fougerolles,52765972,,,
1309689784,61,Canada,Substitution,L. Millar,7212632,,J. Shaffelburg,8183140
1309689784,61,Canada,Substitution,J. David,1366883,,P. David,50449987
1309689784,61,Canada,Substitution,T. Buchanan,8213730,,A. Ahmed,58305499
1309689784,62,Bosnia & Herzegovina,Substitution,J. Lukic,12403111,,S. Bazdar,50614851
1309689784,62,Bosnia & Herzegovina,Substitution,I. Basic,26117896,,A. Gigovic,11352908
1309689784,74,Bosnia & Herzegovina,Substitution,E. Bajraktarevic,53035003,,I. Sunjic,213318
1309689784,74,Bosnia & Herzegovina,Substitution,A. Memic,51858415,,K. Alajbegovic,63685153
1309689784,76,Canada,Substitution,T. Oluwaseyi,56605661,,C. Larin,322315
1309689784,78,Canada,Goal,C. Larin,322315,P. David,,50449987
1309689784,84,Bosnia & Herzegovina,Substitution,S. Kolasinac,232316,,D. Burnic,4045923
1309689784,90+1,Canada,Substitution,S. Eustaquio,5726924,,J. Osorio,8181691
1309689784,90+3,Bosnia & Herzegovina,Yellow Card,N. Katic,280455,,,
1309688933,59,Czech Republic,Goal,L. Krejci,10691681,V. Coufal,,198345
1309688933,62,South Korea,Substitution,Lee Jae-Sung,468020,,Hwang Hee-Chan,4007122
1309688933,64,Czech Republic,Substitution,P. Sulc,10688461,,A. Hlozek,10629213
1309688933,64,Czech Republic,Substitution,P. Schick,127988,,T. Chory,131852
1309688933,64,Czech Republic,Substitution,L. Provod,10682987,,M. Sadilek,38955
1309688933,67,South Korea,Goal,Hwang In-Beom,467215,Lee Kang-In,,149401
1309688933,69,South Korea,Substitution,Lee Tae-Seok,38192574,,Eom Ji-Sung,38165204
1309688933,69,South Korea,Substitution,Son Heung-Min,30100,,Oh Hyeon-Gyu,5588464
1309688933,77,Czech Republic,VAR Goal Cancelled - Offside,T. Soucek,200277,,,
1309688933,80,South Korea,Goal,Oh Hyeon-Gyu,5588464,Hwang In-Beom,,467215
1309688933,84,South Korea,Substitution,Hwang In-Beom,467215,,Kim Jin-Gyu,5501202
1309688933,84,South Korea,Substitution,Paik Seung-Ho,468503,,Park Jin-Seob,15973125
1309688933,84,Czech Republic,Substitution,A. Sojka,62280911,,M. Chytil,10670429
1309688933,90+6,South Korea,Yellow Card,Lee Gi-Hyuk,49097265,,,
1267453803,9,Mexico,Goal,J. Quinones,5720806,E. Lira,,42881699
1267453803,17,South Africa,Yellow Card,T. Mokoena,529361,,,
1267453803,23,Mexico,Yellow Card,B. Gutierrez,34169667,,,
1267453803,49,South Africa,Red Card,Y. Sithole,25507867,,,
1267453803,56,South Africa,Substitution,L. Foster,15928850,,T. Mbatha,31303384
1267453803,61,South Africa,Substitution,J. Adams,43262464,,T. Zwane,529683
1267453803,66,Mexico,Substitution,B. Gutierrez,34169667,,L. Chavez,5746244
1267453803,66,Mexico,Substitution,A. Fidalgo,120904,,G. Mora,77699559
1267453803,67,Mexico,Goal,R. Jimenez,464961,R. Alvarado,,463673
1267453803,74,South Africa,Yellow Card,N. Sibisi,7479892,,,
1267453803,76,Mexico,Substitution,E. Lira,42881699,,E. Alvarez,462063
1267453803,76,Mexico,Substitution,R. Jimenez,464961,,A. Gonzalez,46965947
1267453803,77,South Africa,Substitution,I. Rayners,20516223,,E. Makgopa,32418148
1267453803,77,South Africa,Substitution,A. Modiba,7459928,,O. Appollis,28962927
1267453803,79,Mexico,Substitution,J. Quinones,5720806,,A. Vega,465283
1267453803,84,South Africa,Red Card,T. Zwane,529683,,,
1267453803,90+2,Mexico,Red Card,C. Montes,462707,,,
1267475078,4,Japan,Goal,D. Kamada,418915,K. Nakamura,,5364835
1267475078,31,Japan,Goal,A. Ueda,11617109,K. Itakura,,6136508
1267475078,46,Tunisia,Substitution,E. Saad,52159968,,I. Gharbi,49941710
1267475078,46,Tunisia,Substitution,D. Bronn,474299,,M. Ben Hamida,21744653
1267475078,65,Tunisia,Substitution,S. Tounekti,9260552,,F. Chaouat,477036
1267475078,69,Japan,Goal,J. Ito,312816,A. Ueda,,11617109
1267475078,73,Japan,Substitution,D. Kamada,418915,,J. Suzuki,56513408
1267475078,74,Japan,Substitution,R. Doan,418432,,Y. Sugawara,5294961
1267475078,79,Japan,Substitution,K. Nakamura,5364835,,Y. Suzuki,32062177
1267475078,79,Japan,Substitution,T. Tomiyasu,418271,,A. Seko,5339719
1267475078,83,Japan,Goal,A. Ueda,11617109,K. Sano,,5456283
1267475078,84,Japan,Substitution,A. Ueda,11617109,,K. Goto,60524884
1267475078,90+1,Tunisia,Substitution,A. Abdi,7983017,,E. Achouri,6764086
1267475078,90+1,Tunisia,Substitution,E. Skhiri,3475661,,R. Khedira,4073454
1267477631,10,Spain,Goal,Lamine Yamal,62279462,M. Oyarzabal,,7619157
1267477631,21,Spain,Goal,M. Oyarzabal,7619157,A. Laporte,,100296
1267477631,24,Spain,Goal,M. Oyarzabal,7619157,D. Olmo,,213157
1267477631,30,Saudi Arabia,Yellow Card,S. Al Dawsari,7138894,,,
1267477631,46,Spain,Substitution,Lamine Yamal,62279462,,Y. Pino,29660540
1267477631,46,Spain,Substitution,M. Oyarzabal,7619157,,F. Torres,150045
1267477631,46,Saudi Arabia,Substitution,A. Al Khaibari,7134869,,M. Kanno,7140343
1267477631,46,Saudi Arabia,Substitution,M. Al Juwayr,49327334,,A. Al Hamdan,7145656
1267477631,49,Spain,Own Goal,H. Tambakti,7142436,,,
1267477631,60,Saudi Arabia,Yellow Card,M. Kanno,7140343,,,
1267477631,60,Saudi Arabia,Substitution,A. Al Amri,7160629,,A. Hejji,95595353
1267477631,60,Saudi Arabia,Substitution,F. Al Buraikan,7136318,,M. Abu Al Shamat,64897161
1267477631,61,Spain,Substitution,D. Olmo,213157,,M. Merino,7617225
1267477631,61,Spain,Substitution,A. Baena,29337413,,N. Williams,29591793
1267477631,70,Spain,Substitution,Pedri,21511203,,F. Ruiz,52962
1267477631,90,Saudi Arabia,Substitution,N. Al Dawsari,7138733,,K. Al Ghannam,7197015
1267477631,90+2,Spain,VAR Goal Cancelled - Offside,F. Torres,150045,,,
1267476780,15,New Zealand,Goal,F. Surman,33836719,T. Payne,,15189860
1267476780,17,Egypt,Yellow Card,M. Lasheen,2711555,,,
1267476780,20,New Zealand,Yellow Card,S. Singh,1116689,,,
1267476780,34,New Zealand,Yellow Card,C. McCowatt,15185996,,,
1267476780,41,Egypt,Substitution,H. Fathy,2707047,,R. Rabia,2705759
1267476780,58,Egypt,Goal,M. Ziko,63607229,M. Hany,,427448
1267476780,66,New Zealand,Substitution,C. McCowatt,15185996,,B. Old,28956970
1267476780,67,Egypt,Goal,M. Salah,49420,M. Ziko,,63607229
1267476780,76,New Zealand,Substitution,S. Singh,1116689,,R. Thomas,39116
1267476780,76,New Zealand,Substitution,L. Cacace,1116045,,J. Randall,25548922
1267476780,76,Egypt,Substitution,O. Marmoush,13133407,,Trezeguet,429058
1267476780,76,Egypt,Substitution,M. Ziko,63607229,,H. Abdelkarim,88638221
1267476780,82,Egypt,Goal,Trezeguet,429058,M. Salah,,49420
1267476780,85,Egypt,Substitution,E. Ashour,2780463,,Zizo,2716385
1267476780,85,Egypt,Substitution,M. Salah,49420,,H. Abdelmaguid,43409135
1267476780,85,New Zealand,Substitution,T. Payne,15189860,,T. Bindon,69364589
1267476780,85,New Zealand,Substitution,E. Just,15187767,,F. De Vries,15199359
1267476780,90+9,Egypt,Substitution,H. Abdelmaguid,43409135,,M. Abdelmonem,31611377
1267478482,5,Cape Verde,Yellow Card,S. Lopes Cabral,49699083,,,
1267478482,20,Uruguay,Yellow Card,R. Bentancur,139097,,,
1267478482,21,Cape Verde,Goal,K. Lenini,15538586,,,
1267478482,44,Uruguay,Goal,M. Araujo,8336090,,,
1267478482,45+6,Uruguay,Goal,A. Canobbio,8308237,M. Araujo,,8336090
1267478482,46,Cape Verde,Substitution,T. Arcanjo,42754670,,D. Duarte,6027189
1267478482,58,Uruguay,Yellow Card,M. Olivera,7608048,,,
1267478482,58,Cape Verde,Substitution,Benchimol,49778456,,N. Da Costa,3584819
1267478482,58,Cape Verde,Substitution,G. Rodrigues,7182686,,H. Varela,46855018
1267478482,61,Cape Verde,Goal,H. Varela,46855018,,,
1267478482,68,Uruguay,VAR Goal Cancelled - Offside,M. Araujo,8336090,,,
1267478482,70,Uruguay,Substitution,M. Ugarte,8290688,,N. de la Cruz,965349
1267478482,70,Uruguay,Substitution,F. Vinas,8296484,,D. Nunez,8310491
1267478482,71,Cape Verde,Substitution,K. Lenini,15538586,,L. Duarte,6027350
1267478482,80,Cape Verde,Substitution,J. Monteiro,8170099,,Y. Semedo,20609281
1267478482,81,Uruguay,Substitution,M. Araujo,8336090,,B. Rodriguez,8310652
1267478482,90+3,Cape Verde,Yellow Card,D. Borges,6699042,,,
1267475929,3,Belgium,Yellow Card,R. Lukaku,146181,,,
1267475929,25,Iran,VAR Goal Cancelled - Offside,M. Taremi,6812869,,,
1267475929,33,Iran,Yellow Card,S. Ezatolahi,3158008,,,
1267475929,46,Iran,Substitution,S. Hardani,22037834,,A. Jahanbakhsh,434854
1267475929,58,Belgium,Substitution,T. Meunier,42658,,T. Castagne,470274
1267475929,58,Belgium,Substitution,N. Raskin,341474,,H. Vanaken,12712
1267475929,58,Belgium,Substitution,A. Saelemaekers,228291,,D. Lukebakio,4098892
1267475929,66,Iran,Substitution,E. Hajsafi,432439,,M. Mohammadi,432922
1267475929,66,Iran,Substitution,M. Mohebi,21609091,,M. Torabi,434371
1267475929,66,Belgium,Red Card,N. Ngoy,50387358,,,
1267475929,73,Belgium,Substitution,R. Lukaku,146181,,A. Theate,32851077
1267475929,79,Iran,Substitution,S. Ghoddos,434693,,S. Moghanlou,14487256
1267475929,85,Iran,Substitution,S. Ezatolahi,3158008,,A. Hosseinzadeh,4820011
1267475929,87,Belgium,Substitution,K. De Bruyne,101423,,M. Fernandez-Pardo,54752551
1267479333,9,Argentina,Missed Penalty,L. Messi,24948,L. Messi,,24948
1267479333,38,Argentina,Goal,L. Messi,24948,F. Medina,,1003345
1267479333,40,Austria,Yellow Card,S. Posch,114625,,,
1267479333,57,Argentina,Substitution,C. Romero,4955090,,N. Otamendi,100618
1267479333,64,Argentina,Substitution,T. Almada,976941,,J. Alvarez,967603
1267479333,65,Argentina,Substitution,L. Martinez,35091,,N. Gonzalez,4236869
1267479333,67,Austria,Substitution,D. Alaba,81459,,M. Friedl,4075708
1267479333,68,Austria,Substitution,S. Posch,114625,,A. Prass,1179801
1267479333,68,Austria,Substitution,P. Wanner,52791249,,M. Arnautovic,3031784
1267479333,76,Argentina,Yellow Card,F. Medina,1003345,,,
1267479333,76,Austria,Yellow Card,K. Laimer,186431,,,
1267479333,78,Austria,Substitution,R. Schmid,1217636,,P. Wimmer,20389516
1267479333,82,Argentina,Substitution,R. de Paul,398146,,L. Paredes,43785
1267479333,82,Argentina,Substitution,F. Medina,1003345,,N. Tagliafico,85323
1267479333,85,Austria,Substitution,M. Gregoritsch,4072971,,C. Chukwuemeka,22368689
1267479333,90+2,Argentina,Yellow Card,L. Paredes,43785,,,
1267479333,90+5,Argentina,Goal,L. Messi,24948,,,
1309704251,6,Iraq,Yellow Card,Amir Al-Ammari,7694666,,,
1309704251,14,France,Goal,Kylian Mbappé,44912,Michael Olise,,3158491
1309704251,26,Iraq,Substitution,Aymen Hussein,7961765,,Ali Al-Hamadi,48270047
1309704251,54,France,Goal,Kylian Mbappé,44912,Ousmane Dembélé,,24787
1309704251,60,Iraq,Substitution,Zaid Tahseen,47716207,,Rebin Sulaka,6804175
1309704251,60,Iraq,Substitution,Zaid Ismael,100863273,,Youssef Amyn,45412619
1309704251,66,France,Goal,Ousmane Dembélé,24787,Michael Olise,,3158491
1309704251,68,France,Substitution,Ousmane Dembélé,24787,,Désiré Doue,55227501
1309704251,68,France,Substitution,Michael Olise,3158491,,Rayan Cherki,25192951
1309704251,68,Iraq,Substitution,Amir Al-Ammari,7694666,,Aimar Sher,7748923
1309704251,69,Iraq,Substitution,Ibrahim Bayesh,22660421,,Marko Farji,42737282
1309704251,83,France,Substitution,Bradley Barcola,26066698,,Maghnes Akliouche,44162454
1309704251,83,France,Substitution,Jules Koundé,202531,,Malo Gusto,26067181
1309704251,91,France,Substitution,Kylian Mbappé,44912,,Marcus Thuram,3463103
1267481035,13,Norway,Substitution,J. Ryerson,4000199,,M. Pedersen,6337436
1267481035,43,Norway,Goal,M. Pedersen,6337436,,,
1267481035,46,Norway,Substitution,F. Aursnes,6286077,,P. Berg,6289458
1267481035,48,Norway,Goal,E. Haaland,177254,M. Odegaard,,5977601
1267481035,53,Senegal,Goal,I. Sarr,357252,S. Mane,,49098
1267481035,54,Senegal,Substitution,M. Diouf,65897937,,I. Jakobs,25457635
1267481035,54,Senegal,Substitution,P. Gueye,3332210,,I. Mbaye,71846243
1267481035,58,Norway,Goal,E. Haaland,177254,P. Berg,,6289458
1267481035,63,Senegal,Substitution,E. Mendy,480900,,M. Diaw,19296487
1267481035,63,Senegal,Substitution,L. Camara,60223492,,P. Ciss,6690026
1267481035,71,Norway,Substitution,A. Nusa,50636425,,A. Schjelderup,48546162
1267481035,72,Senegal,Substitution,K. Koulibaly,51352,,P. M. Sarr,38177923
1267481035,84,Norway,Substitution,T. Heggem,6320048,,L. Ostigard,3053841
1267481035,84,Norway,Substitution,A. Sorloth,1367366,,O. Bobb,44779567
1267481035,90+3,Senegal,Goal,I. Sarr,357252,N. Jackson,,45572492
1267480184,36,Jordan,Goal,N. Al Rashdan,34450934,M. Tamari,,2461200
1267480184,44,Algeria,Yellow Card,R. Zerrouki,20776721,,,
1267480184,46,Algeria,Substitution,R. Zerrouki,20776721,,N. Bentaleb,66003
1267480184,46,Algeria,Substitution,H. Boudaoui,708393,,N. Benbouali,47160918
1267480184,64,Jordan,Yellow Card,H. Abu Dahab,87394496,,,
1267480184,69,Algeria,Goal,N. Benbouali,47160918,R. Mahrez,,102389
1267480184,76,Algeria,Substitution,R. Mahrez,102389,,A. Hadj Moussa,52496941
1267480184,76,Jordan,Substitution,M. Al Mardi,19888484,,O. Al Fakhouri,91537670
1267480184,82,Algeria,Goal,A. Gouiri,13691755,,,
1267480184,84,Jordan,Substitution,M. Tamari,2461200,,A. Azaizeh,92620717
1267480184,85,Jordan,Substitution,M. Abu Taha,50036539,,M. Abu Hasheesh,87376464
1267480184,85,Algeria,Substitution,R. Ait-Nouri,3403372,,J. Hadjam,43717933
1267480184,86,Algeria,Substitution,A. Gouiri,13691755,,Z. Belaid,734475
1267480184,90+1,Jordan,Substitution,H. Abu Dahab,87394496,,S. Obaid,11614694
1267480184,90+2,Jordan,Substitution,A. Olwan,26408340,,Shararh,11615016
1267483588,6,Portugal,Goal,C. Ronaldo,140868,J. Cancelo,,137809
1267483588,14,Uzbekistan,Yellow Card,O. Khamrobekov,8667589,,,
1267483588,17,Portugal,Goal,N. Mendes,42420756,,,
1267483588,29,Uzbekistan,VAR Goal Cancelled,A. Ganiev,11836874,,,
1267483588,39,Portugal,Goal,C. Ronaldo,140868,B. Fernandes,,239239
1267483588,46,Portugal,Substitution,J. Cancelo,137809,,N. Semedo,21084
1267483588,46,Portugal,Substitution,P. Neto,300258,,F. Conceicao,26015339
1267483588,46,Uzbekistan,Substitution,S. Nasrullaev,11835908,,K. Alizhonov,11611796
1267483588,46,Uzbekistan,Substitution,O. Khamrobekov,8667589,,A. Mozgovoy,11837196
1267483588,60,Portugal,Own Goal,A. Nematov,11834781,,,
1267483588,64,Portugal,Substitution,Joao Felix,94017,,Trincao,6619186
1267483588,68,Portugal,Yellow Card,R. Veiga,54204185,,,
1267483588,73,Uzbekistan,Substitution,A. Fayzullaev,42451990,,I. Sergeev,11612762
1267483588,76,Portugal,Substitution,J. Neves,53943365,,B. Silva,102550
1267483588,83,Portugal,Substitution,Vitinha,20669978,,R. Leao,3580150
1267483588,87,Portugal,Goal,R. Leao,3580150,,,
1267483588,90+2,Uzbekistan,Substitution,B. Karimov,67131358,,R. Jiyanov,50269345
1267483588,90+2,Uzbekistan,Substitution,O. Shukurov,8093946,,S. Esanov,58559557
1267481886,41,England,Yellow Card,Declan Rice,473011,,,
1267481886,60,Ghana,Yellow Card,Iñaki Williams,7614488,,,
1267481886,65,England,Substitution,Anthony Gordon,22344861,,Bukayo Saka,235214
1267481886,66,England,Substitution,Djed Spence,3096989,,Nico O'Reilly,49446957
1267481886,66,Ghana,Substitution,Iñaki Williams,7614488,,Abdul Fatawu Issahaku,48858341
1267481886,67,Ghana,Substitution,Jordan Ayew,552062,,Prince Kwabena Adu,66012730
1267481886,73,England,Substitution,Jude Bellingham,20884752,,Morgan Rogers,3086524
1267481886,74,England,Substitution,Elliot Anderson,22364342,,Eberechi Eze,3153500
1267481886,83,England,Substitution,Noni Madueke,22012557,,Marcus Rashford,146503
1267481886,87,Ghana,Substitution,Marvin Senaya,84866474,,Kojo Peprah Oppong,65071846
1267481886,95,Ghana,Substitution,Prince Kwabena Adu,66012730,,Abdul Rahman Baba,3541510
1267482737,46,Croatia,Substitution,P. Musa,10635009,,A. Budimir,7526260
1267482737,46,Croatia,Substitution,J. Gvardiol,20774467,,A. Kramaric,117040
1267482737,54,Croatia,Goal,A. Budimir,7526260,J. Stanisic,,20152685
1267482737,61,Panama,Yellow Card,Y. Barcenas,7543809,,,
1267482737,72,Croatia,Substitution,M. Pasalic,41999419,,L. Sucic,1180606
1267482737,72,Croatia,Substitution,M. Kovacic,369005,,P. Sucic,56061159
1267482737,77,Panama,Substitution,J. Ramos,9284541,,C. Waterman,8315482
1267482737,81,Croatia,Substitution,L. Modric,121548,,M. Pasalic,444997
1267482737,83,Panama,Substitution,J. Fajardo,480417,,A. Londono,47075910
1267482737,90,Panama,Substitution,Y. Barcenas,7543809,,T. Rodriguez,9323664
1267482737,90,Panama,Substitution,C. Blackman,479129,,E. Davis,478324
1267482737,90+2,Croatia,Yellow Card,P. Sucic,56061159,,,
1309696592,46,Congo DR,Substitution,N. Mukau,60471432,,N. Sadiki,58818445
1309696592,56,Colombia,Yellow Card,J. Lucumi,310723,,,
1309696592,57,Congo DR,Substitution,C. Bakambu,488467,,S. Banza,3328668
1309696592,58,Colombia,Substitution,L. Suarez,7605311,,J. Cordoba,3994564
1309696592,58,Colombia,Substitution,J. Rodriguez,83391,,J. Quintero,966959
1309696592,72,Congo DR,Substitution,A. Masuaku,3029530,,J. Kayembe,3396932
1309696592,72,Congo DR,Substitution,E. Kayembe,229418,,C. Pickel,7817509
1309696592,76,Colombia,Goal,D. Munoz,2211650,J. Quintero,,966959
1309696592,77,Colombia,Substitution,J. Arias,2207142,,R. Rios,31411898
1309696592,82,Congo DR,Substitution,S. Moutoussamy,3397415,,N. Mbuku,20877024
1309696592,90+3,Congo DR,Yellow Card,C. Pickel,7817509,,,
1309696592,90+4,Colombia,Yellow Card,J. Lerma,401044,,,
1267486992,32,Canada,Yellow Card,C. Larin,322315,,,
1267486992,32,Switzerland,Yellow Card,G. Xhaka,235858,,,
1267486992,46,Switzerland,Goal,R. Vargas,7803985,J. Manzambi,,65405438
1267486992,57,Switzerland,Goal,J. Manzambi,65405438,B. Embolo,,67935
1267486992,58,Canada,Substitution,M. Choiniere,8177022,,S. Eustaquio,5726924
1267486992,58,Canada,Substitution,A. Ahmed,58305499,,L. Millar,7212632
1267486992,58,Canada,Substitution,C. Larin,322315,,T. Oluwaseyi,56605661
1267486992,74,Switzerland,Substitution,L. Jaquez,56244538,,S. Widmer,7789012
1267486992,74,Switzerland,Substitution,D. Sow,154231,,M. Aebischer,153265
1267486992,75,Canada,Substitution,T. Buchanan,8213730,,P. David,50449987
1267486992,76,Canada,Goal,P. David,50449987,N. Saliba,,47466818
1267486992,80,Switzerland,Substitution,R. Vargas,7803985,,D. Ndoye,7832482
1267486992,83,Canada,Substitution,R. Laryea,8181530,,J. Shaffelburg,8183140
1267486992,85,Switzerland,Substitution,J. Manzambi,65405438,,C. Fassnacht,153426
1267486992,85,Switzerland,Substitution,B. Embolo,67935,,C. Itten,7808171
1267486992,87,Canada,Yellow Card,L. Millar,7212632,,,
1309697443,29,Bosnia & Herzegovina,Goal,K. Alajbegovic,63685153,I. Basic,,26117896
1309697443,34,Bosnia & Herzegovina,Own Goal,M. Abunada,6795481,,,
1309697443,42,Qatar,Goal,H. Al Haydos,409899,Edmilson Junior,,6774229
1309697443,46,Bosnia & Herzegovina,Substitution,I. Sunjic,213318,,B. Tahirovic,42519288
1309697443,46,Bosnia & Herzegovina,Substitution,A. Malic,65957024,,A. Memic,51858415
1309697443,46,Qatar,Substitution,J. Gaber,32358095,,A. Hatem,407967
1309697443,56,Qatar,Substitution,H. Al Haydos,409899,,A. Al Ganehi,6808200
1309697443,63,Bosnia & Herzegovina,Substitution,N. Katic,280455,,D. Hadzikadunic,8616391
1309697443,64,Bosnia & Herzegovina,Substitution,E. Dzeko,127344,,E. Mahmic,54768007
1309697443,72,Qatar,Substitution,K. Boudiaf,408611,,A. Ali,409577
1309697443,78,Qatar,Yellow Card,A. Fathi,408933,,,
1309697443,79,Qatar,Substitution,Edmilson Junior,6774229,,A. Alaaeldin,409416
1309697443,79,Qatar,Substitution,A. Fathi,408933,,M. Al Mannai,45591168
1309697443,80,Bosnia & Herzegovina,Goal,E. Mahmic,54768007,D. Hadzikadunic,,8616391
1309697443,82,Bosnia & Herzegovina,Substitution,K. Alajbegovic,63685153,,D. Burnic,4045923
1309697443,82,Bosnia & Herzegovina,Yellow Card,E. Mahmic,54768007,,,
1267484439,10,Haiti,Own Goal,Bono,435015,,,
1267484439,39,Morocco,Goal,A. Hakimi,1603,,,
1267484439,43,Haiti,Goal,W. Isidor,13538161,J. Duverne,,3325609
1267484439,45+1,Morocco,Goal,I. Saibari,26065571,A. Hakimi,,1603
1267484439,67,Haiti,Substitution,R. Providence,26200167,,D. Nazon,7248374
1267484439,67,Haiti,Substitution,W. Isidor,13538161,,L. Deedson,20731480
1267484439,70,Morocco,Substitution,B. Diaz,119938,,A. Ounahi,20878312
1267484439,70,Morocco,Substitution,I. Saibari,26065571,,S. Rahimi,5889373
1267484439,70,Morocco,Substitution,A. El Kaabi,438396,,G. Yassine,59496738
1267484439,78,Morocco,Goal,S. Rahimi,5889373,C. Riad,,44902732
1267484439,79,Haiti,Yellow Card,D. Nazon,7248374,,,
1267484439,79,Haiti,Yellow Card,J. Placide,14134183,,,
1267484439,80,Haiti,Substitution,J. Duverne,3325609,,C. Arcus,3357004
1267484439,80,Haiti,Substitution,D. Jean Jacques,54477241,,D. Simon,31273116
1267484439,83,Morocco,Substitution,A. Salah-Eddine,26154765,,N. Mazraoui,87899
1267484439,83,Morocco,Substitution,N. El Aynaoui,44597637,,S. El Mourabet,66884545
1267484439,83,Haiti,Substitution,L. Joseph,3479847,,F. Pierrot,1384915
1267484439,89,Morocco,Goal,G. Yassine,59496738,S. Rahimi,,5889373
1267484439,90+4,Haiti,Yellow Card,J. Casimir,28161469,,,
1267485290,7,Brazil,Goal,Vinicius Junior,122836,Rayan,,65656920
1267485290,22,Brazil,VAR Goal Cancelled,Vinicius Junior,122836,,,
1267485290,45+3,Brazil,Goal,Vinicius Junior,122836,Bruno Guimaraes,,1631889
1267485290,46,Scotland,Substitution,A. Robertson,46683,,K. Tierney,179991
1267485290,60,Brazil,Goal,M. Cunha,187719,Bruno Guimaraes,,1631889
1267485290,62,Brazil,Yellow Card,Danilo,99652,,,
1267485290,65,Brazil,Substitution,Casemiro,120421,,Fabinho,48293
1267485290,66,Brazil,Substitution,Lucas Paqueta,265160,,G. Martinelli,20570963
1267485290,76,Brazil,Substitution,M. Cunha,187719,,Neymar,44590
1267485290,82,Scotland,Substitution,N. Patterson,22285291,,A. Ralston,179669
1267485290,82,Scotland,Substitution,B. Gannon-Doak,55315890,,R. Christie,181279
1267485290,82,Brazil,Substitution,Douglas Santos,4003580,,Alex Sandro,138614
1267485290,82,Brazil,Substitution,Rayan,65656920,,Endrick,60716796
1267485290,82,Brazil,Yellow Card,Fabinho,48293,,,
1267485290,89,Scotland,Yellow Card,R. Christie,181279,,,
1267485290,90+1,Scotland,Substitution,L. Shankland,7273329,,C. Adams,3143518
1267485290,90+1,Scotland,Substitution,J. McGinn,3089905,,F. Curtis,69756946
1267486141,46,South Korea,Substitution,Hwang Hee-Chan,4007122,,Son Heung-Min,30100
1267486141,46,South Korea,Substitution,Paik Seung-Ho,468503,,Kim Jin-Gyu,5501202
1267486141,46,South Korea,Substitution,Lee Tae-Seok,38192574,,J. Castrop,45137792
1267486141,62,South Africa,Substitution,O. Appollis,28962927,,T. Moremi,47652451
1267486141,63,South Africa,Goal,T. Maseko,57127945,T. Moremi,,47652451
1267486141,66,South Korea,Substitution,Kim Min-Jae,466571,,Park Jin-Seob,15973125
1267486141,73,South Africa,Yellow Card,A. Modiba,7459928,,,
1267486141,74,South Korea,Substitution,Oh Hyeon-Gyu,5588464,,Cho Gue-Sung,5508125
1267486141,75,South Africa,Substitution,T. Maseko,57127945,,I. Rayners,20516223
1267486141,79,South Korea,Yellow Card,Cho Gue-Sung,5508125,,,
1267486141,80,South Africa,Substitution,R. Mofokeng,66678143,,J. Adams,43262464
1309698294,55,Mexico,Goal,M. Chavez Garcia,62790476,L. Romo,,5791324
1309698294,56,Czech Republic,Substitution,D. Visinsky,46724286,,L. Provod,10682987
1309698294,61,Mexico,Goal,J. Quinones,5720806,J. Sanchez,,463512
1309698294,63,Mexico,Substitution,G. Martinez,5810322,,S. Gimenez,15224636
1309698294,63,Mexico,Substitution,L. Romo,5791324,,O. Vargas,50454817
1309698294,64,Mexico,Yellow Card,E. Alvarez,462063,,,
1309698294,64,Czech Republic,Substitution,A. Hlozek,10629213,,P. Schick,127988
1309698294,64,Czech Republic,Substitution,T. Holes,362726,,T. Soucek,200277
1309698294,72,Mexico,Substitution,G. Mora,77699559,,A. Fidalgo,120904
1309698294,78,Mexico,Substitution,R. Rangel,43594768,,G. Ochoa,337932
1309698294,78,Mexico,Substitution,M. Chavez Garcia,62790476,,J. Gallardo,463995
1309698294,87,Czech Republic,Substitution,L. Cerv,26113388,,T. Chory,131852
1309698294,87,Czech Republic,Substitution,T. Soucek,200277,,A. Sojka,62280911
1309698294,90+4,Mexico,Goal,A. Fidalgo,120904,R. Alvarado,,463673
1267488694,2,Germany,Goal,Leroy Sané,103838,Florian Wirtz,,32719218
1267488694,9,Ecuador,Goal,Nilson Angulo,50158577,Pedro Vite,,38169712
1267488694,43,Ecuador,Yellow Card,Piero Hincapié,20578691,,,
1267488694,44,Germany,Yellow Card,Aleksandar Pavlović,52813467,,,
1267488694,45,Germany,Substitution,Aleksandar Pavlović,52813467,,Angelo Stiller,22090964
1267488694,47,Germany,VAR Penalty Cancelled,Kai Havertz,157612,,,
1267488694,50,Ecuador,Yellow Card,Alan Franco,2634114,,,
1267488694,60,Germany,Substitution,Kai Havertz,157612,,Deniz Undav,4262629
1267488694,60,Germany,Substitution,Joshua Kimmich,80976,,Malick Thiaw,26273583
1267488694,64,Ecuador,Substitution,Enner Valencia,5720967,,Kevin Rodriguez,58276680
1267488694,64,Ecuador,Substitution,Alan Franco,2634114,,Angelo Preciado,416017
1267488694,64,Germany,Substitution,Felix Nmecha,102711,,Maximilian Beier,25541838
1267488694,71,Ecuador,Substitution,Piero Hincapié,20578691,,Pervis Estupinan,7523845
1267488694,73,Germany,Substitution,Florian Wirtz,32719218,,Pascal Groß,3054324
1267488694,77,Ecuador,Goal,Gonzalo Plata,2635563,Kevin Rodriguez,,58276680
1267488694,85,Ecuador,Substitution,John Yeboah,4091808,,Felix Torres,10298358
1267488694,85,Ecuador,Substitution,Nilson Angulo,50158577,,Jordy Caicedo,2671144
1267488694,89,Ecuador,Yellow Card,Gonzalo Plata,2635563,,,
1267487843,7,Ivory Coast,Goal,Nicolas Pépé,522760,Yan Diomande,,82718090
1267487843,35,Ivory Coast,Yellow Card,Nicolas Pépé,522760,,,
1267487843,45,Ivory Coast,Substitution,Amad Diallo,25437671,,Christ Inao Oulaï,76409305
1267487843,61,Curaçao,Substitution,Livano Comenencia,49871997,,Jeremy Antonisse,26278574
1267487843,64,Ivory Coast,Goal,Nicolas Pépé,522760,Ibrahim Sangaré,,3566143
1267487843,67,Ivory Coast,Substitution,Ange-Yoan Bonny,44379965,,Oumar Diakité,53843223
1267487843,67,Ivory Coast,Substitution,Nicolas Pépé,522760,,Sepe Elye Wahi,26195981
1267487843,67,Ivory Coast,Substitution,Yan Diomande,82718090,,Bazoumana Touré,62410677
1267487843,75,Curaçao,Yellow Card,Juninho Bacuna,3066721,,,
1267487843,77,Curaçao,Substitution,Jurien Gaari,5934131,,Gervane Kastaneer,6232142
1267487843,77,Curaçao,Substitution,Deveron Fonville,56963242,,Tyrese Noslin,65502360
1267487843,77,Ivory Coast,Substitution,Franck Kessié,264516,,Jean Michaël Seri,522277
1267487843,83,Curaçao,Yellow Card,Gervane Kastaneer,6232142,,,
1267487843,90,Curaçao,Substitution,Joshua Brenet,113820,,Shurandy Sambo,31337999
1267487843,90,Curaçao,Substitution,Jürgen Locadia,3056095,,Brandley Kuwas,6000946
1309699145,32,Sweden,Yellow Card,Isak Hien,22214290,,,
1309699145,37,Sweden,Substitution,Isak Hien,22214290,,Lucas Bergvall,55918030
1309699145,39,Japan,Substitution,Ko Itakura,6136508,,Shogo Taniguchi,5305748
1309699145,56,Japan,Goal,Daizen Maeda,5349218,Ritsu Doan,,418432
1309699145,62,Sweden,Goal,Anthony Elanga,24702384,Viktor Gyökeres,,3055773
1309699145,66,Japan,Substitution,Ayase Ueda,11617109,,Koki Ogawa,5359683
1309699145,67,Japan,Substitution,Ritsu Doan,418432,,Junya Ito,312816
1309699145,75,Sweden,Substitution,Alexander Bernhardsson,7679210,,Daniel Svensson,31983448
1309699145,75,Sweden,Substitution,Elliot Stroud,36509319,,Ken Sema,460614
1309699145,75,Japan,Substitution,Keito Nakamura,5364835,,Yuto Nagatomo,70994
1309699145,75,Japan,Substitution,Ayumu Seko,5339719,,Tsuyoshi Watanabe,5290292
1309699145,77,Japan,Yellow Card,Shogo Taniguchi,5305748,,,
1309699145,85,Sweden,Yellow Card,Viktor Gyökeres,3055773,,,
1309699145,87,Sweden,Substitution,Victor Lindelöf,143283,,Carl Starfelt,7726222
1309699145,88,Sweden,Substitution,Gabriel Gudmundsson,7723163,,Benjamin Nygren,7728476
1267490396,3,Netherlands,Own Goal,Ellyes Skhiri,3475661,,,
1267490396,7,Netherlands,Goal,Brian Brobbey,6238904,Virgil van Dijk,,46844
1267490396,54,Tunisia,Goal,Hazem Mastouri,55522936,Hannibal Mejbri,,29070314
1267490396,62,Netherlands,Goal,Jan Paul van Hecke,6230049,Tijjani Reijnders,,5941376
1267490396,67,Tunisia,Substitution,Rani Khedira,4073454,,Mohamed Hadj Mahmoud,10818549
1267490396,68,Tunisia,Substitution,Anis Ben Slimane,32089064,,Elias Achouri,6764086
1267490396,68,Tunisia,Substitution,Mohamed Amine Ben Hamida,21744653,,Mortadha Ben Ouanes,7964663
1267490396,72,Netherlands,Substitution,Frenkie de Jong,86772,,Teun Koopmeiners,5940893
1267490396,72,Netherlands,Substitution,Tijjani Reijnders,5941376,,Justin Kluivert,127666
1267490396,72,Netherlands,Substitution,Donyell Malen,40243,,Crysencio Summerville,6073718
1267490396,75,Tunisia,Substitution,Ismael Gharbi,49941710,,Firas Chaouat,477036
1267490396,77,Netherlands,Substitution,Brian Brobbey,6238904,,Memphis Depay,107541
1267490396,84,Netherlands,Substitution,Cody Gakpo,39921,,Noa Lang,87738
1267490396,90,Tunisia,Substitution,Hazem Mastouri,55522936,,Sebastian Tounekti,9260552
1309699996,3,USA,Goal,Auston Trusty,8168811,Sebastian Berhalter,,32475947
1309699996,10,Turkey,Goal,Arda Güler,47006358,Baris Alper Yilmaz,,10187268
1309699996,19,USA,Yellow Card,Sebastian Berhalter,32475947,,,
1309699996,31,Turkey,Goal,Baris Alper Yilmaz,10187268,Orkun Kökçü,,5982109
1309699996,49,USA,Goal,Sebastian Berhalter,32475947,,,
1309699996,58,USA,Substitution,Timothy Weah,183372,,Christian Pulisic,2891
1309699996,76,USA,Substitution,Giovanni Reyna,26069435,,Sergiño Dest,6236489
1309699996,77,USA,Substitution,Brenden Aaronson,8169133,,Álex Zendejas,5777639
1309699996,77,USA,Substitution,Joe Scally,8187326,,Alex Freeman,57315188
1309699996,84,Turkey,Substitution,Zeki Çelik,3577896,,Çağlar Söyüncü,3023090
1309699996,84,Turkey,Substitution,Kenan Yıldız,54721317,,Can Yilmaz Uzun,54721961
1309699996,86,USA,Substitution,Weston McKennie,66969,,Malik Tillman,26088111
1309699996,88,Turkey,Substitution,Orkun Kökçü,5982109,,Kaan Ayhan,4097282
1309699996,92,Turkey,Substitution,Oğuz Aydın,21669144,,Mert Müldür,276913
1309699996,92,Turkey,Substitution,Baris Alper Yilmaz,10187268,,İrfan Can Kahveci,8027131
1309699996,98,Turkey,Goal,Kaan Ayhan,4097282,,,
1267489545,45,Paraguay,Substitution,Alexandro Maidana,68428374,,Maurício Magalhães Prado,17144239
1267489545,46,Australia,Yellow Card,Jackson Irvine,442743,,,
1267489545,58,Australia,Substitution,Cristian Volpato,55067789,,Ajdin Hrustic,6137957
1267489545,67,Paraguay,Substitution,Gabriel Ávalos,1043917,,Alex Arce,15369214
1267489545,77,Paraguay,Yellow Card,Diego Gomez,44817724,,,
1267489545,84,Paraguay,Substitution,Omar Alderete,993202,,José Canale,11388006
1267489545,84,Australia,Substitution,Jackson Irvine,442743,,Paul Okon-Engstler,71044463
1267489545,84,Australia,Substitution,Nestory Irankunda,54420408,,Tete Yengi,47759999
1267489545,92,Paraguay,Substitution,Diego Gomez,44817724,,Damian Bobadilla,31412381
1267489545,92,Paraguay,Substitution,Matías Galarza,49239106,,Junior Alonso,402493
1309752758,4,Senegal,Goal,H. Diarra,52748745,A. Seck,,1360604
1309752758,13,Iraq,Red Card,R. Sulaka,6804175,,,
1309752758,16,Iraq,Substitution,A. Qasem,36887186,,M. Younis,47558588
1309752758,18,Senegal,Yellow Card,A. Seck,1360604,,,
1309752758,46,Iraq,Substitution,A. Basil,31867367,,J. Hassan,8675800
1309752758,56,Senegal,Goal,I. Sarr,357252,L. Camara,,60223492
1309752758,57,Senegal,Substitution,H. Diarra,52748745,,P. Gueye,3332210
1309752758,57,Senegal,Substitution,I. Mbaye,71846243,,I. Ndiaye,2993466
1309752758,57,Senegal,Substitution,L. Camara,60223492,,N. Jackson,45572492
1309752758,58,Iraq,Substitution,A. Jasim,87365838,,A. Al Reeshawee,107142112
1309752758,58,Iraq,Substitution,A. Al Hamadi,48270047,,A. Yousif,26380648
1309752758,58,Senegal,Substitution,A. Seck,1360604,,P. Ciss,6690026
1309752758,59,Senegal,Goal,P. Gueye,3332210,I. Sarr,,357252
1309752758,67,Iraq,Substitution,Z. Iqbal,45771649,,K. Yakob,7732179
1309752758,71,Senegal,Goal,P. Gueye,3332210,I. Ndiaye,,2993466
1309752758,75,Iraq,Yellow Card,A. Al Ammari,7694666,,,
1309752758,81,Senegal,Substitution,I. Sarr,357252,,A. Diao,64552782
1309752758,81,Senegal,Yellow Card,P. Gueye,3332210,,,
1309752758,82,Senegal,Goal,I. Ndiaye,2993466,P. Gueye,,3332210
1309752758,90,Iraq,Yellow Card,M. Doski,43702638,,,
1267493800,7,France,Goal,O. Dembele,24787,K. Mbappe,,44912
1267493800,10,Norway,Yellow Card,P. Berg,6289458,,,
1267493800,20,France,Goal,O. Dembele,24787,K. Mbappe,,44912
1267493800,21,Norway,Goal,T. Aasgaard,44746884,A. Schjelderup,,48546162
1267493800,32,France,Goal,O. Dembele,24787,A. Tchouameni,,204785
1267493800,46,Norway,Substitution,F. Bjorkan,6288492,,M. Pedersen,6337436
1267493800,46,Norway,Substitution,K. Thorstvedt,6302177,,M. Thorsby,5953934
1267493800,50,Norway,Missed Penalty,J. Larsen,327306,J. Larsen,,327306
1267493800,65,France,Substitution,M. Olise,3158491,,R. Cherki,25192951
1267493800,65,France,Substitution,O. Dembele,24787,,B. Barcola,26066698
1267493800,66,Norway,Substitution,H. Falchener,29131011,,S. Langas,42736638
1267493800,74,France,Yellow Card,A. Tchouameni,204785,,,
1267493800,76,France,Substitution,D. Upamecano,185143,,I. Konate,184499
1267493800,83,Norway,Substitution,A. Schjelderup,48546162,,A. Nusa,50636425
1267493800,83,Norway,Substitution,O. Bobb,44779567,,J. Hauge,6290907
1267493800,87,France,Substitution,J. Kounde,202531,,M. Gusto,26067181
1267493800,87,France,Substitution,K. Mbappe,44912,,J. Mateta,4174401
1267493800,90+4,France,Goal,D. Doue,55227501,B. Barcola,,26066698
1267494651,42,Spain,Goal,A. Baena,29337413,M. Llorente,,121387
1267494651,45,Uruguay,Substitution,M. Ugarte,8290688,,N. de la Cruz,965349
1267494651,46,Uruguay,Substitution,F. Muslera,69223,,S. Rochet,8062551
1267494651,46,Spain,Yellow Card,A. Baena,29337413,,,
1267494651,54,Uruguay,Yellow Card,J. Sanabria,26225605,,,
1267494651,57,Uruguay,Substitution,F. Valverde,121870,,F. Vinas,8296484
1267494651,58,Uruguay,Yellow Card,G. Varela,207844,,,
1267494651,60,Spain,Substitution,Pedri,21511203,,F. Ruiz,52962
1267494651,60,Spain,Substitution,M. Merino,7617225,,D. Olmo,213157
1267494651,66,Spain,Substitution,A. Baena,29337413,,Y. Pino,29660540
1267494651,70,Uruguay,Substitution,J. Sanabria,26225605,,B. Rodriguez,8310652
1267494651,76,Spain,Substitution,Lamine Yamal,62279462,,N. Williams,29591793
1267494651,76,Spain,Substitution,M. Oyarzabal,7619157,,F. Torres,150045
1267494651,90+3,Uruguay,Yellow Card,N. de la Cruz,965349,,,
1267494651,90+5,Uruguay,Red Card,A. Canobbio,8308237,,,
1267491247,4,Saudi Arabia,Yellow Card,S. Abdulhamid,7179788,,,
1267491247,9,Cape Verde,Yellow Card,W. Pina,53461170,,,
1267491247,33,Saudi Arabia,Substitution,H. Tambakti,7142436,,A. Lajami,7165781
1267491247,46,Saudi Arabia,Substitution,A. Al Khaibari,7134869,,M. Al Juwayr,49327334
1267491247,61,Cape Verde,Substitution,D. Livramento,55269361,,N. Da Costa,3584819
1267491247,61,Cape Verde,Substitution,W. Semedo,18286534,,H. Varela,46855018
1267491247,66,Saudi Arabia,Substitution,S. Al Dawsari,7138894,,M. Abu Al Shamat,64897161
1267491247,66,Saudi Arabia,Substitution,S. Mandash,425033,,A. Al Hamdan,7145656
1267491247,67,Saudi Arabia,Yellow Card,N. Al Dawsari,7138733,,,
1267491247,71,Cape Verde,Substitution,R. Mendes,8093624,,G. Rodrigues,7182686
1267491247,71,Cape Verde,Substitution,J. Monteiro,8170099,,L. Duarte,6027350
1267491247,82,Saudi Arabia,Substitution,N. Boushal,21734349,,M. Al Harbi,32583495
1267491247,90+3,Saudi Arabia,Yellow Card,F. Al Buraikan,7136318,,,
1267491247,90+4,Cape Verde,Substitution,W. Pina,53461170,,S. Moreira,3564533
1267492949,28,Belgium,Goal,L. Trossard,313460,,,
1267492949,46,New Zealand,Substitution,S. Singh,1116689,,J. Randall,25548922
1267492949,46,New Zealand,Substitution,R. Thomas,39116,,B. Old,28956970
1267492949,46,New Zealand,Yellow Card,M. Stamenic,28957936,,,
1267492949,50,Belgium,Goal,L. Trossard,313460,H. Vanaken,,12712
1267492949,56,New Zealand,Yellow Card,E. Just,15187767,,,
1267492949,56,Belgium,Substitution,J. Doku,229096,,M. Fernandez-Pardo,54752551
1267492949,64,New Zealand,Substitution,T. Payne,15189860,,M. Boxall,8235143
1267492949,64,New Zealand,Substitution,J. Bell,15221255,,C. McCowatt,15185996
1267492949,66,Belgium,Goal,K. De Bruyne,101423,,,
1267492949,72,Belgium,Substitution,L. Trossard,313460,,A. Saelemaekers,228291
1267492949,72,Belgium,Substitution,K. De Bruyne,101423,,A. Onana,26197108
1267492949,79,New Zealand,Substitution,L. Cacace,1116045,,F. De Vries,15199359
1267492949,84,New Zealand,Goal,E. Just,15187767,,,
1267492949,85,Belgium,Substitution,C. De Ketelaere,23805453,,R. Lukaku,146181
1267492949,85,Belgium,Substitution,Y. Tielemans,471240,,N. Raskin,341474
1267492949,86,Belgium,Goal,R. Lukaku,146181,N. Raskin,,341474
1267492949,90+4,Belgium,Goal,A. Saelemaekers,228291,R. Lukaku,,146181
1267492098,5,Egypt,Goal,M. Saber,11140710,,,
1267492098,11,Iran,Missed Penalty,M. Taremi,6812869,M. Taremi,,6812869
1267492098,14,Iran,Goal,R. Rezaeian,433405,,,
1267492098,14,Egypt,Substitution,M. Abdelmonem,31611377,,Y. Ibrahim,2705598
1267492098,19,Iran,Yellow Card,H. Kanaani,432761,,,
1267492098,20,Egypt,Yellow Card,M. Saber,11140710,,,
1267492098,42,Egypt,Yellow Card,Y. Ibrahim,2705598,,,
1267492098,43,Iran,Yellow Card,A. Nemati,85818789,,,
1267492098,46,Iran,Substitution,A. Nemati,85818789,,S. Hardani,22037834
1267492098,46,Egypt,Substitution,E. Ashour,2780463,,O. Marmoush,13133407
1267492098,46,Egypt,Substitution,M. Saber,11140710,,M. Attia,30682729
1267492098,57,Egypt,Substitution,M. Salah,49420,,Zizo,2716385
1267492098,67,Iran,Substitution,S. Ghoddos,434693,,S. Moghanlou,14487256
1267492098,76,Egypt,Substitution,M. Ziko,63607229,,H. Abdelkarim,88638221
1267492098,79,Iran,Yellow Card,S. Ezatolahi,3158008,,,
1267492098,90+1,Iran,Substitution,M. Mohebi,21609091,,A. Jahanbakhsh,434854
1267492098,90+2,Egypt,Yellow Card,M. Lasheen,2711555,,,
1267492098,90+3,Iran,VAR Goal Cancelled - Offside,S. Khalilzadeh,4782498,,,
1267492098,90+4,Iran,Yellow Card,S. Khalilzadeh,4782498,,,
1267498906,46,Panama,Substitution,T. Rodriguez,9323664,,J. Fajardo,480417
1267498906,53,Panama,Yellow Card,J. Fajardo,480417,,,
1267498906,60,England,Yellow Card,J. Quansah,25550532,,,
1267498906,62,England,Goal,J. Bellingham,20884752,B. Saka,,235214
1267498906,63,England,Substitution,J. Quansah,25550532,,D. Spence,3096989
1267498906,63,England,Substitution,B. Saka,235214,,N. Madueke,22012557
1267498906,67,England,Goal,H. Kane,29778,J. Bellingham,,20884752
1267498906,71,Panama,Substitution,Y. Barcenas,7543809,,I. Diaz,15555169
1267498906,71,Panama,Substitution,J. Rodriguez,479773,,A. Londono,47075910
1267498906,71,England,Substitution,J. Bellingham,20884752,,E. Eze,3153500
1267498906,84,Panama,Yellow Card,A. Andrade,1158871,,,
1267498906,84,England,Substitution,E. Anderson,22364342,,J. Henderson,47166
1267498906,84,England,Substitution,H. Kane,29778,,O. Watkins,3118080
1267498906,88,Panama,Substitution,C. Harvey,11468184,,A. Quintero,479612
1267498906,88,Panama,Substitution,J. Gutierrez,9306437,,E. Davis,478324
1267497204,31,Croatia,Goal,P. Sucic,56061159,M. Kovacic,,369005
1267497204,46,Ghana,Substitution,J. Adjetey,59477579,,K. Peprah,65071846
1267497204,46,Ghana,Substitution,E. Owusu,3382764,,I. Fatawu,48858341
1267497204,66,Croatia,Substitution,A. Budimir,7526260,,I. Matanovic,32634210
1267497204,68,Croatia,Yellow Card,I. Perisic,33481,,,
1267497204,71,Ghana,Substitution,J. Ayew,552062,,B. Thomas-Asante,13216644
1267497204,71,Ghana,Substitution,K. Sulemana,32173911,,E. Nuamah,56487970
1267497204,73,Ghana,Goal,D. Luckassen,4080055,E. Nuamah,,56487970
1267497204,78,Croatia,Substitution,M. Kovacic,369005,,M. Pasalic,444997
1267497204,83,Croatia,Goal,N. Vlasic,135716,L. Modric,,121548
1267497204,85,Ghana,Substitution,K. Sibo,581042,,C. Yirenkyi,76567729
1267497204,88,Croatia,Substitution,M. Baturina,47499340,,M. Pasalic,41999419
1267497204,88,Croatia,Substitution,N. Vlasic,135716,,J. Gvardiol,20774467
1267497204,90+4,Ghana,Yellow Card,K. Peprah,65071846,,,
1267496353,46,Portugal,Substitution,R. Neves,430990,,J. Neves,53943365
1267496353,46,Portugal,Substitution,J. Cancelo,137809,,D. Dalot,142800
1267496353,60,Colombia,Substitution,J. Lerma,401044,,R. Rios,31411898
1267496353,60,Colombia,Substitution,J. Cordoba,3994564,,L. Suarez,7605311
1267496353,70,Portugal,Substitution,Joao Felix,94017,,R. Leao,3580150
1267496353,70,Portugal,Substitution,Vitinha,20669978,,Samu Costa,30668239
1267496353,76,Colombia,Substitution,J. Arias,2207142,,K. Castano,46624466
1267496353,76,Colombia,Substitution,J. Rodriguez,83391,,J. Quintero,966959
1267496353,86,Colombia,Yellow Card,G. Puerta,52169628,,,
1267496353,87,Colombia,Substitution,S. Arias,4984,,D. Munoz,2211650
1267496353,90+2,Colombia,VAR Goal Cancelled - Offside,D. Sanchez,27202,,,
1267496353,90+3,Portugal,Substitution,N. Mendes,42420756,,M. Nunes,6701135
1309700847,10,Uzbekistan,Goal,E. Shomurodov,8619289,A. Mozgovoy,,11837196
1309700847,17,Congo DR,VAR Goal Cancelled,N. Mbuku,20877024,,,
1309700847,21,Congo DR,Yellow Card,N. Sadiki,58818445,,,
1309700847,43,Uzbekistan,Yellow Card,A. Khusanov,57978508,,,
1309700847,45+5,Congo DR,Yellow Card,N. Mbuku,20877024,,,
1309700847,48,Uzbekistan,Yellow Card,S. Nasrullaev,11835908,,,
1309700847,51,Congo DR,Substitution,C. Bakambu,488467,,F. Mayele,28931693
1309700847,59,Uzbekistan,Substitution,O. Shukurov,8093946,,O. Khamrobekov,8667589
1309700847,59,Uzbekistan,Substitution,D. Khamdamov,8667428,,A. Ganiev,11836874
1309700847,62,Congo DR,Yellow Card,S. Moutoussamy,3397415,,,
1309700847,68,Congo DR,Penalty,Y. Wissa,3324643,,,
1309700847,72,Congo DR,Substitution,B. Cipenga,44996756,,T. Bongonda,1389101
1309700847,72,Congo DR,Substitution,S. Moutoussamy,3397415,,N. Mukau,60471432
1309700847,72,Congo DR,Substitution,N. Mbuku,20877024,,M. Elia,488628
1309700847,73,Uzbekistan,Substitution,A. Fayzullaev,42451990,,O. Urunov,11612601
1309700847,78,Congo DR,Goal,F. Mayele,28931693,,,
1309700847,82,Uzbekistan,Substitution,J. Urozov,57706901,,I. Sergeev,11612762
1309700847,82,Uzbekistan,Substitution,A. Mozgovoy,11837196,,J. Iskanderov,10557890
1309700847,83,Congo DR,Substitution,A. Masuaku,3029530,,J. Kayembe,3396932
1309700847,90+1,Congo DR,Goal,Y. Wissa,3324643,M. Elia,,488628
1267495502,11,Austria,Yellow Card,M. Arnautovic,3031784,,,
1267495502,28,Austria,Goal,M. Arnautovic,3031784,D. Alaba,,81459
1267495502,45,Algeria,Goal,R. Belghali,48841436,,,
1267495502,46,Austria,Substitution,M. Arnautovic,3031784,,M. Gregoritsch,4072971
1267495502,46,Austria,Substitution,X. Schlager,176449,,F. Grillitsch,115913
1267495502,46,Austria,Substitution,R. Schmid,1217636,,P. Wanner,52791249
1267495502,55,Austria,Goal,M. Sabitzer,186753,K. Laimer,,186431
1267495502,60,Algeria,Goal,R. Mahrez,102389,H. Aouar,,106092
1267495502,62,Austria,Substitution,D. Alaba,81459,,K. Danso,4071361
1267495502,71,Algeria,Substitution,J. Hadjam,43717933,,R. Ait-Nouri,3403372
1267495502,71,Algeria,Substitution,A. Gouiri,13691755,,Z. Belaid,734475
1267495502,71,Algeria,Substitution,R. Belghali,48841436,,S. Chergui,3360063
1267495502,90+3,Algeria,Goal,R. Mahrez,102389,H. Aouar,,106092
1267495502,90+4,Algeria,Substitution,H. Aouar,106092,,F. Ghedjemis,53921469
1267495502,90+5,Austria,Substitution,P. Mwene,4172469,,S. Kalajdzic,1243396
1267495502,90+6,Austria,Goal,S. Kalajdzic,1243396,M. Gregoritsch,,4072971
1267498055,17,Jordan,Yellow Card,M. Abu Taha,50036539,,,
1267498055,19,Argentina,Goal,G. Lo Celso,254212,,,
1267498055,31,Argentina,Penalty,L. Martinez,35091,,,
1267498055,46,Jordan,Substitution,O. Al Fakhouri,91537670,,M. Al Mardi,19888484
1267498055,46,Jordan,Substitution,A. Azaizeh,92620717,,M. Tamari,2461200
1267498055,55,Jordan,Goal,M. Tamari,2461200,E. Haddad,,8678376
1267498055,60,Argentina,Substitution,G. Lo Celso,254212,,T. Almada,976941
1267498055,60,Argentina,Substitution,L. Martinez,35091,,L. Messi,24948
1267498055,61,Argentina,Substitution,N. Paz,56356111,,A. Mac Allister,1081430
1267498055,64,Jordan,Yellow Card,Y. Al Arab,8678054,,,
1267498055,71,Argentina,Substitution,G. Simeone,52153689,,V. Barco,51451246
1267498055,76,Jordan,Substitution,N. Al Rashdan,34450934,,A. Jamous,31912125
1267498055,80,Argentina,Goal,L. Messi,24948,,,
1267498055,82,Argentina,Substitution,J. Alvarez,967603,,J. Lopez,47577747
1267498055,90,Jordan,Substitution,H. Abu Dahab,87394496,,S. Obaid,11614694
1267498055,90,Jordan,Substitution,A. Olwan,26408340,,Shararh,11615016
1267498055,90+4,Jordan,Yellow Card,Shararh,11615016,,,
1328691763,46,South Africa,Substitution,R. Mofokeng,66678143,,T. Mbatha,31303384
1328691763,54,Canada,Yellow Card,N. Saliba,47466818,,,
1328691763,59,Canada,Substitution,N. Saliba,47466818,,N. Sigur,67121215
1328691763,59,Canada,Substitution,M. Bombito,65529891,,L. De Fougerolles,52765972
1328691763,67,Canada,Yellow Card,N. Sigur,67121215,,,
1328691763,70,Canada,Substitution,T. Oluwaseyi,56605661,,P. David,50449987
1328691763,70,Canada,Substitution,L. Millar,7212632,,J. Shaffelburg,8183140
1328691763,75,Canada,Substitution,T. Buchanan,8213730,,A. Davies,82103
1328691763,86,South Africa,Substitution,E. Makgopa,32418148,,I. Rayners,20516223
1328691763,86,South Africa,Substitution,T. Maseko,57127945,,T. Moremi,47652451
1328691763,90+2,Canada,Goal,S. Eustaquio,5726924,,,
1329555528,12,Japan,Yellow Card,K. Sano,5456283,,,
1329555528,14,Brazil,Yellow Card,Casemiro,120421,,,
1329555528,29,Japan,Goal,K. Sano,5456283,,,
1329555528,45,Japan,Yellow Card,D. Kamada,418915,,,
1329555528,46,Brazil,Substitution,Lucas Paqueta,265160,,Endrick,60716796
1329555528,48,Brazil,Yellow Card,Danilo,99652,,,
1329555528,56,Brazil,Goal,Casemiro,120421,Gabriel,,3578218
1329555528,66,Brazil,Substitution,M. Cunha,187719,,G. Martinelli,20570963
1329555528,66,Japan,Substitution,R. Doan,418432,,Y. Sugawara,5294961
1329555528,66,Japan,Substitution,K. Nakamura,5364835,,J. Suzuki,56513408
1329555528,78,Japan,Substitution,D. Kamada,418915,,A. Tanaka,5307680
1329555528,78,Japan,Substitution,J. Ito,312816,,S. Machino,17203165
1329555528,84,Japan,Yellow Card,J. Suzuki,56513408,,,
1329555528,90+2,Brazil,Substitution,Casemiro,120421,,Fabinho,48293
1329555528,90+5,Brazil,Goal,G. Martinelli,20570963,Bruno Guimaraes,,1631889
1329555528,90+7,Japan,Substitution,D. Maeda,5349218,,K. Ogawa,5359683
1329555528,90+8,Brazil,Substitution,Bruno Guimaraes,1631889,,Danilo Santos,44302524
1329556379,47,Morocco,Yellow Card,I. Diop,3029208,,,
1329556379,71,Netherlands,Substitution,N. Ake,3036775,,T. Koopmeiners,5940893
1329556379,71,Netherlands,Substitution,B. Brobbey,6238904,,W. Weghorst,4092130
1329556379,72,Netherlands,Goal,C. Gakpo,39921,C. Summerville,,6073718
1329556379,75,Morocco,Substitution,C. Riad,44902732,,A. Salah-Eddine,26154765
1329556379,79,Morocco,Substitution,B. Diaz,119938,,G. Yassine,59496738
1329556379,79,Morocco,Substitution,A. Bouaddi,70628922,,S. El Mourabet,66884545
1329556379,86,Morocco,Substitution,A. Ounahi,20878312,,S. Rahimi,5889373
1329556379,86,Netherlands,Substitution,M. van de Ven,24608843,,J. Hato,55004516
1329556379,86,Netherlands,Substitution,R. Gravenberch,87416,,Q. Timber,6238421
1329556379,87,Morocco,Substitution,B. El Khannouss,54832407,,C. Talbi,54202253
1329556379,90+1,Morocco,Goal,I. Diop,3029208,C. Talbi,,54202253
1329556379,110,Netherlands,Substitution,F. de Jong,86772,,M. De Roon,4899706
1329556379,113,Netherlands,Substitution,C. Gakpo,39921,,J. Kluivert,127666
1329556379,120+1,Netherlands,Penalty,T. Koopmeiners,5940893,,,
1329556379,120+1,Morocco,Missed Penalty,N. El Aynaoui,44597637,,,
1329556379,120+2,Netherlands,Missed Penalty,J. Kluivert,127666,,,
1329556379,120+2,Morocco,Penalty,S. Rahimi,5889373,,,
1329556379,120+3,Netherlands,Penalty,W. Weghorst,4092130,,,
1329556379,120+3,Morocco,Penalty,C. Talbi,54202253,,,
1329556379,120+4,Netherlands,Missed Penalty,Q. Timber,6238421,,,
1329556379,120+4,Morocco,Missed Penalty,A. Hakimi,1603,,,
1329556379,120+5,Netherlands,Missed Penalty,C. Summerville,6073718,,,
1329556379,120+5,Morocco,Penalty,I. Saibari,26065571,,,
1331965560,42,Paraguay,Goal,J. Enciso,11390421,M. Galarza,,49239106
1331965560,46,Germany,Substitution,F. Nmecha,102711,,L. Goretzka,82425
1331965560,54,Germany,Goal,K. Havertz,157612,F. Wirtz,,32719218
1331965560,55,Paraguay,Substitution,G. Avalos,1043917,,G. Caballero,19179762
1331965560,57,Paraguay,Substitution,J. Enciso,11390421,,Mauricio,17144239
1331965560,63,Germany,Substitution,D. Undav,4262629,,J. Musiala,29271886
1331965560,65,Paraguay,Yellow Card,A. Cubas,1004150,,,
1331965560,79,Germany,Substitution,A. Pavlovic,52813467,,W. Anton,4084402
1331965560,88,Germany,Substitution,L. Sane,103838,,N. Woltemade,25446848
1331965560,91,Paraguay,Substitution,M. Almiron,403781,,G. Velazquez,5765242
1331965560,99,Paraguay,Substitution,J. Caceres,31554866,,B. Ojeda,11393641
1331965560,99,Paraguay,Substitution,D. Bobadilla,31412381,,A. Sanabria,406196
1331965560,102,Germany,VAR Goal Cancelled,J. Tah,156646,,,
1331965560,105,Paraguay,Yellow Card,G. Alfaro,,,,
1331965560,105+1,Germany,Yellow Card,J. Nagelsmann,65507834,,,
1331965560,106,Germany,Yellow Card,K. Havertz,157612,,,
1331965560,110,Germany,Substitution,F. Wirtz,32719218,,N. Amiri,115108
1331965560,110,Germany,Substitution,A. Rudiger,368039,,M. Thiaw,26273583
1331965560,115,Germany,Yellow Card,J. Musiala,29271886,,,
1331965560,117,Paraguay,Yellow Card,M. Galarza,49239106,,,
1331965560,120+2,Paraguay,Substitution,J. Alonso,402493,,Fabian Balbuena,402654
1331965560,120+1,Germany,Missed Penalty,K. Havertz,157612,,,
1331965560,120+1,Paraguay,Penalty,Mauricio,17144239,,,
1331965560,120+2,Germany,Penalty,J. Kimmich,80976,,,
1331965560,120+2,Paraguay,Penalty,G. Gomez,402976,,,
1331965560,120+3,Germany,Penalty,J. Musiala,29271886,,,
1331965560,120+3,Paraguay,Penalty,M. Galarza,49239106,,,
1331965560,120+4,Germany,Missed Penalty,N. Woltemade,25446848,,,
1331965560,120+4,Paraguay,Missed Penalty,A. Sanabria,406196,,,
1331965560,120+5,Germany,Penalty,N. Amiri,115108,,,
1331965560,120+5,Paraguay,Missed Penalty,Fabian Balbuena,402654,,,
1331965560,120+6,Germany,Missed Penalty,J. Tah,156646,,,
1331965560,120+6,Paraguay,Penalty,J. Canale,11388006,,,
