date,scorer,proj
2026-06-10,Erling Haaland,5.5
2026-06-10,Harry Kane,4.21
2026-06-10,Lionel Messi,3.62
2026-06-10,Cristiano Ronaldo,3.61
2026-06-10,Kylian Mbappé,3.52
2026-06-10,Romelu Lukaku,3.3
2026-06-10,Ayase Ueda,2.82
2026-06-10,Mehdi Taremi,2.78
2026-06-10,Lautaro Martínez,2.71
2026-06-10,Viktor Gyökeres,2.56
2026-06-10,Mohamed Salah,2.43
2026-06-10,Mohamed Amoura,2.27
2026-06-10,Son Heung-min,2.24
2026-06-10,Mikel Oyarzabal,2.23
2026-06-10,Scott McTominay,2.19
2026-06-10,Luis Díaz,2.14
2026-06-10,Sardar Azmoun,2.14
2026-06-10,Marko Arnautović,2.09
2026-06-10,Andrej Kramarić,2.05
2026-06-10,Duckens Nazon,2.02
2026-06-10,Ayoub El Kaabi,1.99
2026-06-10,Cody Gakpo,1.94
2026-06-10,Bruno Fernandes,1.88
2026-06-10,Enner Valencia,1.88
2026-06-10,Aymen Hussein,1.87
2026-06-10,Mikel Merino,1.86
2026-06-10,Alexander Sørloth,1.77
2026-06-10,Jonathan David,1.71
2026-06-10,Baghdad Bounedjah,1.7
2026-06-10,Brahim Díaz,1.7
2026-06-10,Kerem Aktürkoğlu,1.7
2026-06-10,Ismael Saibari,1.7
2026-06-10,Kevin De Bruyne,1.65
2026-06-10,Memphis Depay,1.65
2026-06-10,Michael Gregoritsch,1.64
2026-06-10,Ismael Díaz,1.64
2026-06-10,Raphinha,1.62
2026-06-10,Vinícius Júnior,1.62
2026-06-10,Jesús Ferreira,1.62
2026-06-10,Yazan Al-Naimat,1.57
2026-06-10,Sadio Mané,1.54
2026-06-10,Zeki Amdouni,1.54
2026-06-10,Mohammad Mohebi,1.5
2026-06-10,Marcel Sabitzer,1.49
2026-06-10,Frantzdy Pierrot,1.44
2026-06-10,Daichi Kamada,1.41
2026-06-10,Takumi Minamino,1.41
2026-06-10,Lee Kang-in,1.38
2026-06-10,Chris Wood,1.36
2026-06-10,Darwin Núñez,1.33
2026-06-10,Almoez Ali,1.32
2026-06-10,Jamal Musiala,1.31
2026-06-10,Ali Olwan,1.31
2026-06-10,Florian Wirtz,1.31
2026-06-10,Jordan Ayew,1.31
2026-06-10,Musa Al-Taamari,1.31
2026-06-10,Ferran Torres,1.3
2026-06-10,Raúl Jiménez,1.29
2026-06-10,Julián Alvarez,1.21
2026-06-10,Breel Embolo,1.2
2026-06-10,Edin Džeko,1.2
2026-06-10,Takefusa Kubo,1.17
2026-06-10,Abbosbek Fayzullaev,1.16
2026-06-10,Riyad Mahrez,1.14
2026-06-10,Akram Afif,1.13
2026-06-10,Kai Havertz,1.12
2026-06-10,Tomáš Souček,1.12
2026-06-10,Álvaro Morata,1.11
2026-06-10,Lamine Yamal,1.11
2026-06-10,Dani Olmo,1.11
2026-06-10,Randal Kolo Muani,1.11
2026-06-10,Joselu,1.11
2026-06-10,Mehdi Ghayedi,1.07
2026-06-10,Luis Suárez,1.07
2026-06-10,Elijah Just,1.06
2026-06-10,Bukayo Saka,1.05
2026-06-10,Christoph Baumgartner,1.05
2026-06-10,Donyell Malen,1.05
2026-06-10,Trézéguet,1.04
2026-06-10,John McGinn,1.01
2026-06-10,Kusini Yengi,0.98
2026-06-10,Luis Romo,0.97
2026-06-10,César Montes,0.97
2026-06-10,Habib Diallo,0.96
2026-06-10,Patrik Schick,0.96
2026-06-10,José Fajardo,0.96
2026-06-10,Gervane Kastaneer,0.95
2026-06-10,Keito Nakamura,0.94
2026-06-10,Bernardo Silva,0.94
2026-06-10,Hidemasa Morita,0.94
2026-06-10,Ritsu Dōan,0.94
2026-06-10,João Félix,0.94
2026-06-10,Folarin Balogun,0.93
2026-06-10,Nico Williams,0.93
2026-06-10,Jérémy Doku,0.92
2026-06-10,Youri Tielemans,0.92
2026-06-10,Ben Waine,0.91
2026-06-10,Nicolás Otamendi,0.9
2026-06-10,Thiago Almada,0.9
2026-06-10,Alexander Isak,0.9
2026-06-11,Erling Haaland,5.48
2026-06-11,Harry Kane,4.19
2026-06-11,Cristiano Ronaldo,3.61
2026-06-11,Lionel Messi,3.6
2026-06-11,Kylian Mbappé,3.52
2026-06-11,Romelu Lukaku,3.29
2026-06-11,Ayase Ueda,2.81
2026-06-11,Mehdi Taremi,2.78
2026-06-11,Lautaro Martínez,2.7
2026-06-11,Viktor Gyökeres,2.56
2026-06-11,Mohamed Salah,2.43
2026-06-11,Mohamed Amoura,2.27
2026-06-11,Mikel Oyarzabal,2.23
2026-06-11,Scott McTominay,2.19
2026-06-11,Luis Díaz,2.14
2026-06-11,Sardar Azmoun,2.14
2026-06-11,Marko Arnautović,2.1
2026-06-11,Raúl Jiménez,2.09
2026-06-11,Andrej Kramarić,2.05
2026-06-11,Duckens Nazon,2.02
2026-06-11,Ayoub El Kaabi,1.97
2026-06-11,Son Heung-min,1.94
2026-06-11,Cody Gakpo,1.94
2026-06-11,Bruno Fernandes,1.89
2026-06-11,Enner Valencia,1.88
2026-06-11,Aymen Hussein,1.87
2026-06-11,Mikel Merino,1.86
2026-06-11,Alexander Sørloth,1.77
2026-06-11,Oh Hyeon-gyu,1.74
2026-06-11,Baghdad Bounedjah,1.7
2026-06-11,Kerem Aktürkoğlu,1.7
2026-06-11,Jonathan David,1.7
2026-06-11,Brahim Díaz,1.69
2026-06-11,Ismael Saibari,1.69
2026-06-11,Michael Gregoritsch,1.65
2026-06-11,Kevin De Bruyne,1.65
2026-06-11,Memphis Depay,1.64
2026-06-11,Ismael Díaz,1.64
2026-06-11,Raphinha,1.62
2026-06-11,Vinícius Júnior,1.62
2026-06-11,Jesús Ferreira,1.62
2026-06-11,Yazan Al-Naimat,1.58
2026-06-11,Sadio Mané,1.54
2026-06-11,Zeki Amdouni,1.53
2026-06-11,Ladislav Krejčí,1.53
2026-06-11,Mohammad Mohebi,1.5
2026-06-11,Marcel Sabitzer,1.5
2026-06-11,Frantzdy Pierrot,1.45
2026-06-11,Daichi Kamada,1.4
2026-06-11,Takumi Minamino,1.4
2026-06-11,Chris Wood,1.36
2026-06-11,Darwin Núñez,1.33
2026-06-11,Jamal Musiala,1.32
2026-06-11,Florian Wirtz,1.32
2026-06-11,Almoez Ali,1.32
2026-06-11,Musa Al-Taamari,1.31
2026-06-11,Jordan Ayew,1.31
2026-06-11,Ali Olwan,1.31
2026-06-11,Ferran Torres,1.3
2026-06-11,Hwang In-beom,1.3
2026-06-11,Julián Quiñones,1.27
2026-06-11,Edin Džeko,1.2
2026-06-11,Julián Alvarez,1.2
2026-06-11,Lee Kang-in,1.19
2026-06-11,Breel Embolo,1.19
2026-06-11,Takefusa Kubo,1.17
2026-06-11,Abbosbek Fayzullaev,1.16
2026-06-11,Riyad Mahrez,1.14
2026-06-11,Kai Havertz,1.13
2026-06-11,Akram Afif,1.13
2026-06-11,Randal Kolo Muani,1.11
2026-06-11,Álvaro Morata,1.11
2026-06-11,Dani Olmo,1.11
2026-06-11,Joselu,1.11
2026-06-11,Lamine Yamal,1.11
2026-06-11,Luis Suárez,1.07
2026-06-11,Mehdi Ghayedi,1.07
2026-06-11,Elijah Just,1.06
2026-06-11,Bukayo Saka,1.05
2026-06-11,Christoph Baumgartner,1.05
2026-06-11,Trézéguet,1.04
2026-06-11,Donyell Malen,1.04
2026-06-11,John McGinn,1.01
2026-06-11,Kusini Yengi,0.99
2026-06-11,Habib Diallo,0.96
2026-06-11,José Fajardo,0.96
2026-06-11,Gervane Kastaneer,0.95
2026-06-11,Hidemasa Morita,0.94
2026-06-11,Bernardo Silva,0.94
2026-06-11,Keito Nakamura,0.94
2026-06-11,Ritsu Dōan,0.94
2026-06-11,João Félix,0.94
2026-06-11,Nico Williams,0.93
2026-06-11,Folarin Balogun,0.92
2026-06-11,Youri Tielemans,0.91
2026-06-11,Jérémy Doku,0.91
2026-06-11,Ben Waine,0.91
2026-06-11,Antonio Sanabria,0.9
2026-06-11,Alexander Isak,0.9
2026-06-11,Nicolás Otamendi,0.9
2026-06-12,Erling Haaland,5.5
2026-06-12,Harry Kane,4.19
2026-06-12,Lionel Messi,3.61
2026-06-12,Cristiano Ronaldo,3.61
2026-06-12,Kylian Mbappé,3.52
2026-06-12,Romelu Lukaku,3.29
2026-06-12,Folarin Balogun,2.88
2026-06-12,Ayase Ueda,2.81
2026-06-12,Mehdi Taremi,2.77
2026-06-12,Lautaro Martínez,2.71
2026-06-12,Viktor Gyökeres,2.56
2026-06-12,Mohamed Salah,2.43
2026-06-12,Mohamed Amoura,2.27
2026-06-12,Mikel Oyarzabal,2.24
2026-06-12,Scott McTominay,2.19
2026-06-12,Luis Díaz,2.14
2026-06-12,Sardar Azmoun,2.13
2026-06-12,Marko Arnautović,2.1
2026-06-12,Raúl Jiménez,2.09
2026-06-12,Andrej Kramarić,2.05
2026-06-12,Duckens Nazon,2.02
2026-06-12,Ayoub El Kaabi,1.98
2026-06-12,Son Heung-min,1.95
2026-06-12,Cody Gakpo,1.93
2026-06-12,Enner Valencia,1.88
2026-06-12,Bruno Fernandes,1.88
2026-06-12,Aymen Hussein,1.87
2026-06-12,Mikel Merino,1.86
2026-06-12,Alexander Sørloth,1.77
2026-06-12,Oh Hyeon-gyu,1.75
2026-06-12,Kerem Aktürkoğlu,1.71
2026-06-12,Ismael Saibari,1.7
2026-06-12,Baghdad Bounedjah,1.7
2026-06-12,Brahim Díaz,1.7
2026-06-12,Michael Gregoritsch,1.65
2026-06-12,Kevin De Bruyne,1.64
2026-06-12,Ismael Díaz,1.63
2026-06-12,Memphis Depay,1.63
2026-06-12,Vinícius Júnior,1.62
2026-06-12,Raphinha,1.62
2026-06-12,Yazan Al-Naimat,1.57
2026-06-12,Cyle Larin,1.55
2026-06-12,Sadio Mané,1.54
2026-06-12,Jesús Ferreira,1.54
2026-06-12,Zeki Amdouni,1.53
2026-06-12,Ladislav Krejčí,1.53
2026-06-12,Marcel Sabitzer,1.5
2026-06-12,Mohammad Mohebi,1.49
2026-06-12,Frantzdy Pierrot,1.44
2026-06-12,Daichi Kamada,1.41
2026-06-12,Takumi Minamino,1.41
2026-06-12,Chris Wood,1.36
2026-06-12,Darwin Núñez,1.34
2026-06-12,Almoez Ali,1.32
2026-06-12,Musa Al-Taamari,1.31
2026-06-12,Florian Wirtz,1.31
2026-06-12,Jamal Musiala,1.31
2026-06-12,Ali Olwan,1.31
2026-06-12,Jordan Ayew,1.31
2026-06-12,Ferran Torres,1.3
2026-06-12,Hwang In-beom,1.3
2026-06-12,Jonathan David,1.28
2026-06-12,Julián Quiñones,1.27
2026-06-12,Giovanni Reyna,1.22
2026-06-12,Julián Alvarez,1.2
2026-06-12,Lee Kang-in,1.2
2026-06-12,Breel Embolo,1.19
2026-06-12,Takefusa Kubo,1.17
2026-06-12,Abbosbek Fayzullaev,1.16
2026-06-12,Akram Afif,1.13
2026-06-12,Riyad Mahrez,1.13
2026-06-12,Maurício,1.13
2026-06-12,Lamine Yamal,1.12
2026-06-12,Álvaro Morata,1.12
2026-06-12,Dani Olmo,1.12
2026-06-12,Joselu,1.12
2026-06-12,Kai Havertz,1.12
2026-06-12,Randal Kolo Muani,1.11
2026-06-12,Jovo Lukić,1.1
2026-06-12,Mehdi Ghayedi,1.07
2026-06-12,Luis Suárez,1.07
2026-06-12,Elijah Just,1.06
2026-06-12,Bukayo Saka,1.05
2026-06-12,Christoph Baumgartner,1.05
2026-06-12,Donyell Malen,1.04
2026-06-12,Trézéguet,1.04
2026-06-12,John McGinn,1.01
2026-06-12,Kusini Yengi,0.99
2026-06-12,Habib Diallo,0.96
2026-06-12,Gervane Kastaneer,0.95
2026-06-12,José Fajardo,0.95
2026-06-12,Hidemasa Morita,0.94
2026-06-12,João Félix,0.94
2026-06-12,Keito Nakamura,0.94
2026-06-12,Ritsu Dōan,0.94
2026-06-12,Bernardo Silva,0.94
2026-06-12,Nico Williams,0.93
2026-06-12,Edin Džeko,0.92
2026-06-12,Ben Waine,0.91
2026-06-12,Youri Tielemans,0.91
2026-06-13,Erling Haaland,5.5
2026-06-13,Harry Kane,4.17
2026-06-13,Lionel Messi,3.61
2026-06-13,Cristiano Ronaldo,3.61
2026-06-13,Kylian Mbappé,3.5
2026-06-13,Romelu Lukaku,3.3
2026-06-13,Folarin Balogun,2.88
2026-06-13,Ayase Ueda,2.82
2026-06-13,Mehdi Taremi,2.78
2026-06-13,Lautaro Martínez,2.71
2026-06-13,Viktor Gyökeres,2.56
2026-06-13,Mohamed Salah,2.43
2026-06-13,Ismael Saibari,2.33
2026-06-13,Vinícius Júnior,2.27
2026-06-13,Mohamed Amoura,2.27
2026-06-13,Mikel Oyarzabal,2.24
2026-06-13,Sardar Azmoun,2.14
2026-06-13,Luis Díaz,2.14
2026-06-13,Marko Arnautović,2.09
2026-06-13,Raúl Jiménez,2.09
2026-06-13,Andrej Kramarić,2.05
2026-06-13,Son Heung-min,1.95
2026-06-13,Cody Gakpo,1.94
2026-06-13,Bruno Fernandes,1.89
2026-06-13,Enner Valencia,1.88
2026-06-13,Aymen Hussein,1.87
2026-06-13,John McGinn,1.86
2026-06-13,Breel Embolo,1.86
2026-06-13,Mikel Merino,1.86
2026-06-13,Scott McTominay,1.85
2026-06-13,Alexander Sørloth,1.77
2026-06-13,Oh Hyeon-gyu,1.75
2026-06-13,Baghdad Bounedjah,1.7
2026-06-13,Kevin De Bruyne,1.65
2026-06-13,Michael Gregoritsch,1.65
2026-06-13,Memphis Depay,1.64
2026-06-13,Ismael Díaz,1.64
2026-06-13,Yazan Al-Naimat,1.57
2026-06-13,Ayoub El Kaabi,1.55
2026-06-13,Cyle Larin,1.55
2026-06-13,Sadio Mané,1.54
2026-06-13,Jesús Ferreira,1.54
2026-06-13,Ladislav Krejčí,1.53
2026-06-13,Marcel Sabitzer,1.5
2026-06-13,Mohammad Mohebi,1.5
2026-06-13,Daichi Kamada,1.41
2026-06-13,Takumi Minamino,1.41
2026-06-13,Chris Wood,1.37
2026-06-13,Darwin Núñez,1.34
2026-06-13,Brahim Díaz,1.33
2026-06-13,Connor Metcalfe,1.31
2026-06-13,Florian Wirtz,1.31
2026-06-13,Nestory Irankunda,1.31
2026-06-13,Jamal Musiala,1.31
2026-06-13,Musa Al-Taamari,1.31
2026-06-13,Jordan Ayew,1.31
2026-06-13,Ali Olwan,1.31
2026-06-13,Hwang In-beom,1.3
2026-06-13,Ferran Torres,1.3
2026-06-13,Jonathan David,1.28
2026-06-13,Raphinha,1.27
2026-06-13,Julián Quiñones,1.27
2026-06-13,Duckens Nazon,1.25
2026-06-13,Giovanni Reyna,1.22
2026-06-13,Lee Kang-in,1.2
2026-06-13,Julián Alvarez,1.2
2026-06-13,Takefusa Kubo,1.17
2026-06-13,Abbosbek Fayzullaev,1.16
2026-06-13,Riyad Mahrez,1.14
2026-06-13,Maurício,1.13
2026-06-13,Dani Olmo,1.12
2026-06-13,Álvaro Morata,1.12
2026-06-13,Lamine Yamal,1.12
2026-06-13,Joselu,1.12
2026-06-13,Kai Havertz,1.12
2026-06-13,Randal Kolo Muani,1.11
2026-06-13,Zeki Amdouni,1.11
2026-06-13,Jovo Lukić,1.1
2026-06-13,Luis Suárez,1.07
2026-06-13,Mehdi Ghayedi,1.07
2026-06-13,Elijah Just,1.06
2026-06-13,Donyell Malen,1.05
2026-06-13,Christoph Baumgartner,1.05
2026-06-13,Trézéguet,1.04
2026-06-13,Bukayo Saka,1.04
2026-06-13,Kerem Aktürkoğlu,1.01
2026-06-13,Almoez Ali,0.97
2026-06-13,Habib Diallo,0.96
2026-06-13,José Fajardo,0.96
2026-06-13,Gervane Kastaneer,0.95
2026-06-13,Ritsu Dōan,0.94
2026-06-13,Bernardo Silva,0.94
2026-06-13,Keito Nakamura,0.94
2026-06-13,João Félix,0.94
2026-06-13,Kusini Yengi,0.94
2026-06-13,Hidemasa Morita,0.94
2026-06-13,Nico Williams,0.93
2026-06-13,Jérémy Doku,0.92
2026-06-13,Youri Tielemans,0.92
2026-06-13,Edin Džeko,0.92
2026-06-14,Erling Haaland,5.51
2026-06-14,Harry Kane,4.19
2026-06-14,Lionel Messi,3.61
2026-06-14,Cristiano Ronaldo,3.61
2026-06-14,Kylian Mbappé,3.52
2026-06-14,Viktor Gyökeres,3.51
2026-06-14,Romelu Lukaku,3.29
2026-06-14,Kai Havertz,3.03
2026-06-14,Folarin Balogun,2.88
2026-06-14,Mehdi Taremi,2.76
2026-06-14,Lautaro Martínez,2.71
2026-06-14,Yasin Ayari,2.59
2026-06-14,Mohamed Salah,2.42
2026-06-14,Ismael Saibari,2.34
2026-06-14,Vinícius Júnior,2.27
2026-06-14,Mohamed Amoura,2.26
2026-06-14,Ayase Ueda,2.23
2026-06-14,Mikel Oyarzabal,2.23
2026-06-14,Jamal Musiala,2.2
2026-06-14,Luis Díaz,2.14
2026-06-14,Sardar Azmoun,2.13
2026-06-14,Daichi Kamada,2.11
2026-06-14,Marko Arnautović,2.09
2026-06-14,Raúl Jiménez,2.07
2026-06-14,Andrej Kramarić,2.05
2026-06-14,Son Heung-min,1.94
2026-06-14,Alexander Isak,1.89
2026-06-14,Bruno Fernandes,1.88
2026-06-14,Aymen Hussein,1.86
2026-06-14,Mikel Merino,1.86
2026-06-14,Breel Embolo,1.85
2026-06-14,John McGinn,1.85
2026-06-14,Scott McTominay,1.84
2026-06-14,Alexander Sørloth,1.78
2026-06-14,Amad Diallo,1.76
2026-06-14,Oh Hyeon-gyu,1.75
2026-06-14,Keito Nakamura,1.74
2026-06-14,Deniz Undav,1.69
2026-06-14,Baghdad Bounedjah,1.69
2026-06-14,Kevin De Bruyne,1.64
2026-06-14,Michael Gregoritsch,1.64
2026-06-14,Ismael Díaz,1.63
2026-06-14,Ayoub El Kaabi,1.57
2026-06-14,Yazan Al-Naimat,1.57
2026-06-14,Cyle Larin,1.55
2026-06-14,Jesús Ferreira,1.54
2026-06-14,Cody Gakpo,1.53
2026-06-14,Sadio Mané,1.53
2026-06-14,Ladislav Krejčí,1.52
2026-06-14,Marcel Sabitzer,1.49
2026-06-14,Mohammad Mohebi,1.49
2026-06-14,Virgil van Dijk,1.47
2026-06-14,Chris Wood,1.36
2026-06-14,Brahim Díaz,1.34
2026-06-14,Felix Nmecha,1.34
2026-06-14,Darwin Núñez,1.33
2026-06-14,Ali Olwan,1.31
2026-06-14,Connor Metcalfe,1.31
2026-06-14,Musa Al-Taamari,1.31
2026-06-14,Nestory Irankunda,1.31
2026-06-14,Jordan Ayew,1.3
2026-06-14,Ferran Torres,1.3
2026-06-14,Memphis Depay,1.3
2026-06-14,Hwang In-beom,1.3
2026-06-14,Jonathan David,1.28
2026-06-14,Julián Quiñones,1.27
2026-06-14,Raphinha,1.27
2026-06-14,Enner Valencia,1.27
2026-06-14,Livano Comenencia,1.24
2026-06-14,Duckens Nazon,1.24
2026-06-14,Giovanni Reyna,1.22
2026-06-14,Florian Wirtz,1.2
2026-06-14,Julián Alvarez,1.2
2026-06-14,Lee Kang-in,1.19
2026-06-14,Nathaniel Brown,1.17
2026-06-14,Nico Schlotterbeck,1.17
2026-06-14,Mattias Svanberg,1.15
2026-06-14,Abbosbek Fayzullaev,1.15
2026-06-14,Maurício,1.13
2026-06-14,Riyad Mahrez,1.13
2026-06-14,Crysencio Summerville,1.12
2026-06-14,Lamine Yamal,1.12
2026-06-14,Álvaro Morata,1.12
2026-06-14,Joselu,1.12
2026-06-14,Dani Olmo,1.12
2026-06-14,Takumi Minamino,1.11
2026-06-14,Randal Kolo Muani,1.11
2026-06-14,Jovo Lukić,1.1
2026-06-14,Omar Rekik,1.09
2026-06-14,Zeki Amdouni,1.09
2026-06-14,Luis Suárez,1.07
2026-06-14,Mehdi Ghayedi,1.06
2026-06-14,Elijah Just,1.06
2026-06-14,Christoph Baumgartner,1.05
2026-06-14,Bukayo Saka,1.05
2026-06-14,Trézéguet,1.04
2026-06-14,Kerem Aktürkoğlu,1.0
2026-06-14,Almoez Ali,0.97
2026-06-14,Habib Diallo,0.96
2026-06-14,José Fajardo,0.95
2026-06-15,Erling Haaland,5.49
2026-06-15,Harry Kane,4.2
2026-06-15,Lionel Messi,3.65
2026-06-15,Cristiano Ronaldo,3.62
2026-06-15,Kylian Mbappé,3.52
2026-06-15,Viktor Gyökeres,3.5
2026-06-15,Kai Havertz,3.04
2026-06-15,Folarin Balogun,2.89
2026-06-15,Elijah Just,2.79
2026-06-15,Lautaro Martínez,2.73
2026-06-15,Yasin Ayari,2.59
2026-06-15,Romelu Lukaku,2.47
2026-06-15,Ismael Saibari,2.34
2026-06-15,Mohamed Amoura,2.3
2026-06-15,Vinícius Júnior,2.28
2026-06-15,Ayase Ueda,2.22
2026-06-15,Jamal Musiala,2.21
2026-06-15,Luis Díaz,2.15
2026-06-15,Marko Arnautović,2.12
2026-06-15,Daichi Kamada,2.11
2026-06-15,Raúl Jiménez,2.07
2026-06-15,Mohammad Mohebi,2.06
2026-06-15,Andrej Kramarić,2.05
2026-06-15,Mehdi Taremi,1.98
2026-06-15,Son Heung-min,1.95
2026-06-15,Bruno Fernandes,1.89
2026-06-15,Alexander Isak,1.88
2026-06-15,Mohamed Salah,1.87
2026-06-15,Aymen Hussein,1.86
2026-06-15,Breel Embolo,1.85
2026-06-15,John McGinn,1.85
2026-06-15,Scott McTominay,1.85
2026-06-15,Alexander Sørloth,1.77
2026-06-15,Amad Diallo,1.76
2026-06-15,Oh Hyeon-gyu,1.75
2026-06-15,Keito Nakamura,1.74
2026-06-15,Baghdad Bounedjah,1.72
2026-06-15,Mikel Oyarzabal,1.71
2026-06-15,Deniz Undav,1.69
2026-06-15,Michael Gregoritsch,1.66
2026-06-15,Ismael Díaz,1.63
2026-06-15,Yazan Al-Naimat,1.57
2026-06-15,Ayoub El Kaabi,1.56
2026-06-15,Cyle Larin,1.55
2026-06-15,Jesús Ferreira,1.55
2026-06-15,Sadio Mané,1.54
2026-06-15,Cody Gakpo,1.54
2026-06-15,Sardar Azmoun,1.52
2026-06-15,Ladislav Krejčí,1.52
2026-06-15,Marcel Sabitzer,1.51
2026-06-15,Virgil van Dijk,1.47
2026-06-15,Ramin Rezaeian,1.46
2026-06-15,Mikel Merino,1.42
2026-06-15,Maximiliano Araújo,1.41
2026-06-15,Felix Nmecha,1.35
2026-06-15,Brahim Díaz,1.34
2026-06-15,Musa Al-Taamari,1.31
2026-06-15,Connor Metcalfe,1.31
2026-06-15,Nestory Irankunda,1.31
2026-06-15,Ali Olwan,1.31
2026-06-15,Memphis Depay,1.3
2026-06-15,Jordan Ayew,1.3
2026-06-15,Hwang In-beom,1.3
2026-06-15,Raphinha,1.28
2026-06-15,Jonathan David,1.28
2026-06-15,Julián Quiñones,1.27
2026-06-15,Enner Valencia,1.27
2026-06-15,Duckens Nazon,1.24
2026-06-15,Livano Comenencia,1.24
2026-06-15,Kevin De Bruyne,1.23
2026-06-15,Julián Alvarez,1.22
2026-06-15,Giovanni Reyna,1.22
2026-06-15,Florian Wirtz,1.21
2026-06-15,Lee Kang-in,1.2
2026-06-15,Nico Schlotterbeck,1.17
2026-06-15,Nathaniel Brown,1.17
2026-06-15,Abbosbek Fayzullaev,1.15
2026-06-15,Riyad Mahrez,1.15
2026-06-15,Mattias Svanberg,1.15
2026-06-15,Emam Ashour,1.13
2026-06-15,Maurício,1.13
2026-06-15,Crysencio Summerville,1.12
2026-06-15,Randal Kolo Muani,1.11
2026-06-15,Takumi Minamino,1.11
2026-06-15,Jovo Lukić,1.1
2026-06-15,Zeki Amdouni,1.1
2026-06-15,Abdulelah Al-Amri,1.1
2026-06-15,Omar Rekik,1.09
2026-06-15,Luis Suárez,1.07
2026-06-15,Christoph Baumgartner,1.06
2026-06-15,Bukayo Saka,1.05
2026-06-15,Chris Wood,1.01
2026-06-15,Kerem Aktürkoğlu,1.0
2026-06-15,Ferran Torres,1.0
2026-06-15,Almoez Ali,0.97
2026-06-15,Habib Diallo,0.96
2026-06-15,José Fajardo,0.95
2026-06-15,Darwin Núñez,0.95
2026-06-15,João Félix,0.94
2026-06-15,Kusini Yengi,0.94
2026-06-16,Erling Haaland,6.97
2026-06-16,Lionel Messi,6.2
2026-06-16,Kylian Mbappé,5.07
2026-06-16,Harry Kane,4.2
2026-06-16,Cristiano Ronaldo,3.6
2026-06-16,Viktor Gyökeres,3.5
2026-06-16,Kai Havertz,3.02
2026-06-16,Folarin Balogun,2.88
2026-06-16,Marko Arnautović,2.87
2026-06-16,Elijah Just,2.79
2026-06-16,Yasin Ayari,2.59
2026-06-16,Romelu Lukaku,2.48
2026-06-16,Lautaro Martínez,2.4
2026-06-16,Ismael Saibari,2.32
2026-06-16,Vinícius Júnior,2.26
2026-06-16,Ayase Ueda,2.21
2026-06-16,Jamal Musiala,2.19
2026-06-16,Aymen Hussein,2.17
2026-06-16,Luis Díaz,2.13
2026-06-16,Daichi Kamada,2.11
2026-06-16,Raúl Jiménez,2.07
2026-06-16,Andrej Kramarić,2.06
2026-06-16,Mohammad Mohebi,2.06
2026-06-16,Mehdi Taremi,1.98
2026-06-16,Son Heung-min,1.95
2026-06-16,Bruno Fernandes,1.88
2026-06-16,Alexander Isak,1.88
2026-06-16,Mohamed Salah,1.88
2026-06-16,Breel Embolo,1.85
2026-06-16,John McGinn,1.85
2026-06-16,Scott McTominay,1.83
2026-06-16,Ali Olwan,1.83
2026-06-16,Oh Hyeon-gyu,1.75
2026-06-16,Keito Nakamura,1.74
2026-06-16,Amad Diallo,1.74
2026-06-16,Mikel Oyarzabal,1.7
2026-06-16,Deniz Undav,1.68
2026-06-16,Bradley Barcola,1.65
2026-06-16,Ismael Díaz,1.63
2026-06-16,Alexander Sørloth,1.6
2026-06-16,Jesús Ferreira,1.55
2026-06-16,Cyle Larin,1.55
2026-06-16,Ayoub El Kaabi,1.54
2026-06-16,Cody Gakpo,1.53
2026-06-16,Romano Schmid,1.53
2026-06-16,Ladislav Krejčí,1.52
2026-06-16,Sardar Azmoun,1.52
2026-06-16,Mohamed Amoura,1.51
2026-06-16,Virgil van Dijk,1.47
2026-06-16,Michael Gregoritsch,1.47
2026-06-16,Ramin Rezaeian,1.46
2026-06-16,Mikel Merino,1.42
2026-06-16,Maximiliano Araújo,1.4
2026-06-16,Felix Nmecha,1.34
2026-06-16,Marcel Sabitzer,1.33
2026-06-16,Brahim Díaz,1.32
2026-06-16,Connor Metcalfe,1.31
2026-06-16,Nestory Irankunda,1.31
2026-06-16,Hwang In-beom,1.3
2026-06-16,Jordan Ayew,1.3
2026-06-16,Memphis Depay,1.29
2026-06-16,Jonathan David,1.29
2026-06-16,Enner Valencia,1.27
2026-06-16,Julián Quiñones,1.27
2026-06-16,Ibrahim Mbaye,1.26
2026-06-16,Raphinha,1.26
2026-06-16,Kevin De Bruyne,1.24
2026-06-16,Livano Comenencia,1.24
2026-06-16,Duckens Nazon,1.24
2026-06-16,Giovanni Reyna,1.22
2026-06-16,Lee Kang-in,1.2
2026-06-16,Florian Wirtz,1.19
2026-06-16,Nathaniel Brown,1.17
2026-06-16,Nico Schlotterbeck,1.17
2026-06-16,Leo Østigård,1.16
2026-06-16,Abbosbek Fayzullaev,1.15
2026-06-16,Mattias Svanberg,1.15
2026-06-16,Maurício,1.13
2026-06-16,Baghdad Bounedjah,1.13
2026-06-16,Emam Ashour,1.13
2026-06-16,Crysencio Summerville,1.12
2026-06-16,Takumi Minamino,1.11
2026-06-16,Jovo Lukić,1.1
2026-06-16,Abdulelah Al-Amri,1.1
2026-06-16,Omar Rekik,1.09
2026-06-16,Zeki Amdouni,1.09
2026-06-16,Luis Suárez,1.07
2026-06-16,Julián Alvarez,1.07
2026-06-16,Bukayo Saka,1.05
2026-06-16,Sadio Mané,1.04
2026-06-16,Chris Wood,1.01
2026-06-16,Kerem Aktürkoğlu,1.0
2026-06-16,Ferran Torres,0.99
2026-06-16,Yazan Al-Naimat,0.99
2026-06-16,Almoez Ali,0.97
2026-06-16,Randal Kolo Muani,0.97
2026-06-16,José Fajardo,0.95
2026-06-16,Darwin Núñez,0.94
2026-06-16,Kusini Yengi,0.94
2026-06-16,Bernardo Silva,0.94
2026-06-17,Erling Haaland,6.94
2026-06-17,Lionel Messi,6.19
2026-06-17,Harry Kane,5.7
2026-06-17,Kylian Mbappé,5.06
2026-06-17,Viktor Gyökeres,3.51
2026-06-17,Kai Havertz,3.02
2026-06-17,Luis Díaz,2.95
2026-06-17,Folarin Balogun,2.89
2026-06-17,Marko Arnautović,2.88
2026-06-17,Elijah Just,2.78
2026-06-17,Cristiano Ronaldo,2.7
2026-06-17,Yasin Ayari,2.59
2026-06-17,Romelu Lukaku,2.49
2026-06-17,Lautaro Martínez,2.39
2026-06-17,Ismael Saibari,2.33
2026-06-17,Vinícius Júnior,2.26
2026-06-17,Ayase Ueda,2.21
2026-06-17,Jamal Musiala,2.19
2026-06-17,Aymen Hussein,2.17
2026-06-17,Daichi Kamada,2.1
2026-06-17,Mohammad Mohebi,2.07
2026-06-17,Raúl Jiménez,2.06
2026-06-17,Mehdi Taremi,1.98
2026-06-17,Son Heung-min,1.94
2026-06-17,Alexander Isak,1.89
2026-06-17,Mohamed Salah,1.87
2026-06-17,John McGinn,1.85
2026-06-17,Breel Embolo,1.85
2026-06-17,Scott McTominay,1.84
2026-06-17,Ali Olwan,1.83
2026-06-17,Abbosbek Fayzullaev,1.75
2026-06-17,Oh Hyeon-gyu,1.74
2026-06-17,Amad Diallo,1.74
2026-06-17,Keito Nakamura,1.74
2026-06-17,Mikel Oyarzabal,1.71
2026-06-17,Deniz Undav,1.68
2026-06-17,Yoane Wissa,1.66
2026-06-17,Bradley Barcola,1.64
2026-06-17,Marcus Rashford,1.62
2026-06-17,Jude Bellingham,1.62
2026-06-17,Alexander Sørloth,1.59
2026-06-17,Daniel Muñoz,1.58
2026-06-17,Jesús Ferreira,1.56
2026-06-17,Cyle Larin,1.55
2026-06-17,Ayoub El Kaabi,1.55
2026-06-17,Romano Schmid,1.54
2026-06-17,Cody Gakpo,1.53
2026-06-17,Mohamed Amoura,1.52
2026-06-17,Ladislav Krejčí,1.52
2026-06-17,Sardar Azmoun,1.52
2026-06-17,Michael Gregoritsch,1.48
2026-06-17,João Neves,1.47
2026-06-17,Virgil van Dijk,1.47
2026-06-17,Ramin Rezaeian,1.46
2026-06-17,Andrej Kramarić,1.45
2026-06-17,Mikel Merino,1.42
2026-06-17,Bruno Fernandes,1.41
2026-06-17,Maximiliano Araújo,1.41
2026-06-17,Marcel Sabitzer,1.34
2026-06-17,Felix Nmecha,1.34
2026-06-17,Brahim Díaz,1.33
2026-06-17,Nestory Irankunda,1.31
2026-06-17,Connor Metcalfe,1.31
2026-06-17,Memphis Depay,1.3
2026-06-17,Hwang In-beom,1.3
2026-06-17,Jonathan David,1.28
2026-06-17,Enner Valencia,1.26
2026-06-17,Raphinha,1.26
2026-06-17,Ibrahim Mbaye,1.26
2026-06-17,Julián Quiñones,1.26
2026-06-17,Duckens Nazon,1.25
2026-06-17,Livano Comenencia,1.24
2026-06-17,Kevin De Bruyne,1.24
2026-06-17,Martin Baturina,1.22
2026-06-17,Petar Musa,1.22
2026-06-17,Giovanni Reyna,1.22
2026-06-17,Jaminton Campaz,1.19
2026-06-17,Florian Wirtz,1.19
2026-06-17,Lee Kang-in,1.19
2026-06-17,Nathaniel Brown,1.17
2026-06-17,Nico Schlotterbeck,1.17
2026-06-17,Leo Østigård,1.16
2026-06-17,Mattias Svanberg,1.15
2026-06-17,Baghdad Bounedjah,1.14
2026-06-17,Emam Ashour,1.13
2026-06-17,Maurício,1.13
2026-06-17,Caleb Yirenkyi,1.12
2026-06-17,Crysencio Summerville,1.12
2026-06-17,Jordan Ayew,1.12
2026-06-17,Takumi Minamino,1.1
2026-06-17,Abdulelah Al-Amri,1.1
2026-06-17,Jovo Lukić,1.1
2026-06-17,Zeki Amdouni,1.1
2026-06-17,Omar Rekik,1.09
2026-06-17,Julián Alvarez,1.06
2026-06-17,Sadio Mané,1.04
2026-06-17,Chris Wood,1.01
2026-06-17,Kerem Aktürkoğlu,1.0
2026-06-17,Yazan Al-Naimat,1.0
2026-06-17,Ferran Torres,1.0
2026-06-18,Erling Haaland,6.95
2026-06-18,Lionel Messi,6.18
2026-06-18,Harry Kane,5.65
2026-06-18,Kylian Mbappé,5.07
2026-06-18,Jonathan David,4.15
2026-06-18,Viktor Gyökeres,3.5
2026-06-18,Kai Havertz,3.02
2026-06-18,Luis Díaz,2.94
2026-06-18,Folarin Balogun,2.89
2026-06-18,Marko Arnautović,2.88
2026-06-18,Elijah Just,2.79
2026-06-18,Cristiano Ronaldo,2.7
2026-06-18,Yasin Ayari,2.59
2026-06-18,Cyle Larin,2.49
2026-06-18,Romelu Lukaku,2.47
2026-06-18,Johan Manzambi,2.44
2026-06-18,Lautaro Martínez,2.39
2026-06-18,Ismael Saibari,2.33
2026-06-18,Vinícius Júnior,2.26
2026-06-18,Ayase Ueda,2.21
2026-06-18,Jamal Musiala,2.19
2026-06-18,Aymen Hussein,2.18
2026-06-18,Daichi Kamada,2.1
2026-06-18,Mohammad Mohebi,2.07
2026-06-18,Mehdi Taremi,1.98
2026-06-18,Alexander Isak,1.88
2026-06-18,Scott McTominay,1.86
2026-06-18,John McGinn,1.86
2026-06-18,Mohamed Salah,1.85
2026-06-18,Ali Olwan,1.84
2026-06-18,Raúl Jiménez,1.8
2026-06-18,Breel Embolo,1.77
2026-06-18,Abbosbek Fayzullaev,1.76
2026-06-18,Keito Nakamura,1.74
2026-06-18,Amad Diallo,1.74
2026-06-18,Mikel Oyarzabal,1.71
2026-06-18,Deniz Undav,1.68
2026-06-18,Yoane Wissa,1.66
2026-06-18,Bradley Barcola,1.65
2026-06-18,Jude Bellingham,1.61
2026-06-18,Marcus Rashford,1.61
2026-06-18,Luis Romo,1.6
2026-06-18,Alexander Sørloth,1.6
2026-06-18,Daniel Muñoz,1.58
2026-06-18,Jesús Ferreira,1.56
2026-06-18,Granit Xhaka,1.55
2026-06-18,Ruben Vargas,1.55
2026-06-18,Ayoub El Kaabi,1.55
2026-06-18,Romano Schmid,1.54
2026-06-18,Mohamed Amoura,1.54
2026-06-18,Cody Gakpo,1.53
2026-06-18,Sardar Azmoun,1.52
2026-06-18,Oh Hyeon-gyu,1.49
2026-06-18,Nathan Saliba,1.49
2026-06-18,Michael Gregoritsch,1.48
2026-06-18,João Neves,1.47
2026-06-18,Virgil van Dijk,1.47
2026-06-18,Ramin Rezaeian,1.46
2026-06-18,Andrej Kramarić,1.46
2026-06-18,Mikel Merino,1.43
2026-06-18,Maximiliano Araújo,1.41
2026-06-18,Bruno Fernandes,1.41
2026-06-18,Felix Nmecha,1.34
2026-06-18,Marcel Sabitzer,1.34
2026-06-18,Brahim Díaz,1.33
2026-06-18,Connor Metcalfe,1.31
2026-06-18,Nestory Irankunda,1.31
2026-06-18,Memphis Depay,1.29
2026-06-18,Son Heung-min,1.28
2026-06-18,Ibrahim Mbaye,1.26
2026-06-18,Raphinha,1.26
2026-06-18,Enner Valencia,1.25
2026-06-18,Duckens Nazon,1.25
2026-06-18,Livano Comenencia,1.24
2026-06-18,Kevin De Bruyne,1.23
2026-06-18,Ladislav Krejčí,1.23
2026-06-18,Petar Musa,1.22
2026-06-18,Giovanni Reyna,1.22
2026-06-18,Martin Baturina,1.22
2026-06-18,Rubén Vargas,1.22
2026-06-18,Julián Quiñones,1.2
2026-06-18,Hwang In-beom,1.2
2026-06-18,Jaminton Campaz,1.19
2026-06-18,Florian Wirtz,1.19
2026-06-18,Teboho Mokoena,1.18
2026-06-18,Nathaniel Brown,1.17
2026-06-18,Nico Schlotterbeck,1.17
2026-06-18,Leo Østigård,1.16
2026-06-18,Baghdad Bounedjah,1.15
2026-06-18,Mattias Svanberg,1.15
2026-06-18,Jordan Ayew,1.14
2026-06-18,Emam Ashour,1.13
2026-06-18,Caleb Yirenkyi,1.13
2026-06-18,Maurício,1.13
2026-06-18,Crysencio Summerville,1.12
2026-06-18,Takumi Minamino,1.1
2026-06-18,Abdulelah Al-Amri,1.1
2026-06-18,Omar Rekik,1.09
2026-06-18,Jovo Lukić,1.06
2026-06-18,Julián Alvarez,1.06
2026-06-19,Erling Haaland,6.94
2026-06-19,Lionel Messi,6.2
2026-06-19,Harry Kane,5.65
2026-06-19,Kylian Mbappé,5.08
2026-06-19,Jonathan David,4.15
2026-06-19,Viktor Gyökeres,3.47
2026-06-19,Ismael Saibari,3.08
2026-06-19,Vinícius Júnior,3.05
2026-06-19,Kai Havertz,3.02
2026-06-19,Luis Díaz,2.94
2026-06-19,Marko Arnautović,2.89
2026-06-19,Elijah Just,2.79
2026-06-19,Folarin Balogun,2.77
2026-06-19,Cristiano Ronaldo,2.69
2026-06-19,Yasin Ayari,2.58
2026-06-19,Matheus Cunha,2.53
2026-06-19,Cyle Larin,2.49
2026-06-19,Romelu Lukaku,2.46
2026-06-19,Johan Manzambi,2.43
2026-06-19,Lautaro Martínez,2.4
2026-06-19,Jamal Musiala,2.2
2026-06-19,Aymen Hussein,2.18
2026-06-19,Ayase Ueda,2.16
2026-06-19,Daichi Kamada,2.08
2026-06-19,Mohammad Mohebi,2.06
2026-06-19,Mehdi Taremi,1.97
2026-06-19,Alexander Isak,1.87
2026-06-19,Mohamed Salah,1.86
2026-06-19,Ali Olwan,1.84
2026-06-19,Raúl Jiménez,1.8
2026-06-19,Abbosbek Fayzullaev,1.76
2026-06-19,Breel Embolo,1.76
2026-06-19,Amad Diallo,1.74
2026-06-19,Keito Nakamura,1.72
2026-06-19,Mikel Oyarzabal,1.71
2026-06-19,Deniz Undav,1.68
2026-06-19,Yoane Wissa,1.66
2026-06-19,Bradley Barcola,1.65
2026-06-19,Jude Bellingham,1.61
2026-06-19,Marcus Rashford,1.61
2026-06-19,Alexander Sørloth,1.6
2026-06-19,Luis Romo,1.6
2026-06-19,Daniel Muñoz,1.58
2026-06-19,Ruben Vargas,1.54
2026-06-19,Romano Schmid,1.54
2026-06-19,Granit Xhaka,1.54
2026-06-19,John McGinn,1.54
2026-06-19,Mohamed Amoura,1.53
2026-06-19,Sardar Azmoun,1.52
2026-06-19,Cody Gakpo,1.49
2026-06-19,Oh Hyeon-gyu,1.49
2026-06-19,Nathan Saliba,1.49
2026-06-19,Michael Gregoritsch,1.48
2026-06-19,João Neves,1.47
2026-06-19,Virgil van Dijk,1.46
2026-06-19,Ramin Rezaeian,1.46
2026-06-19,Andrej Kramarić,1.45
2026-06-19,Mikel Merino,1.42
2026-06-19,Maximiliano Araújo,1.41
2026-06-19,Bruno Fernandes,1.4
2026-06-19,Matías Galarza,1.36
2026-06-19,Marcel Sabitzer,1.35
2026-06-19,Jesús Ferreira,1.34
2026-06-19,Felix Nmecha,1.34
2026-06-19,Son Heung-min,1.28
2026-06-19,Memphis Depay,1.26
2026-06-19,Ayoub El Kaabi,1.26
2026-06-19,Ibrahim Mbaye,1.26
2026-06-19,Enner Valencia,1.25
2026-06-19,Livano Comenencia,1.24
2026-06-19,Kevin De Bruyne,1.23
2026-06-19,Ladislav Krejčí,1.23
2026-06-19,Martin Baturina,1.22
2026-06-19,Petar Musa,1.22
2026-06-19,Rubén Vargas,1.22
2026-06-19,Connor Metcalfe,1.2
2026-06-19,Florian Wirtz,1.2
2026-06-19,Julián Quiñones,1.2
2026-06-19,Hwang In-beom,1.2
2026-06-19,Nestory Irankunda,1.2
2026-06-19,Jaminton Campaz,1.19
2026-06-19,Giovanni Reyna,1.19
2026-06-19,Alex Freeman,1.19
2026-06-19,Teboho Mokoena,1.18
2026-06-19,Nathaniel Brown,1.17
2026-06-19,Nico Schlotterbeck,1.17
2026-06-19,Scott McTominay,1.16
2026-06-19,Leo Østigård,1.16
2026-06-19,Mattias Svanberg,1.15
2026-06-19,Baghdad Bounedjah,1.15
2026-06-19,Jordan Ayew,1.14
2026-06-19,Emam Ashour,1.13
2026-06-19,Caleb Yirenkyi,1.13
2026-06-19,Maurício,1.12
2026-06-19,Crysencio Summerville,1.11
2026-06-19,Abdulelah Al-Amri,1.1
2026-06-19,Omar Rekik,1.09
2026-06-19,Brahim Díaz,1.08
2026-06-19,Takumi Minamino,1.08
2026-06-19,Julián Alvarez,1.07
2026-06-20,Erling Haaland,7.04
2026-06-20,Lionel Messi,6.19
2026-06-20,Harry Kane,5.66
2026-06-20,Kylian Mbappé,5.09
2026-06-20,Jonathan David,4.15
2026-06-20,Ayase Ueda,3.89
2026-06-20,Deniz Undav,3.79
2026-06-20,Cody Gakpo,3.34
2026-06-20,Ismael Saibari,3.03
2026-06-20,Vinícius Júnior,3.01
2026-06-20,Luis Díaz,2.95
2026-06-20,Daichi Kamada,2.95
2026-06-20,Marko Arnautović,2.9
2026-06-20,Elijah Just,2.79
2026-06-20,Folarin Balogun,2.79
2026-06-20,Kai Havertz,2.79
2026-06-20,Cristiano Ronaldo,2.7
2026-06-20,Matheus Cunha,2.51
2026-06-20,Viktor Gyökeres,2.51
2026-06-20,Cyle Larin,2.49
2026-06-20,Romelu Lukaku,2.47
2026-06-20,Johan Manzambi,2.43
2026-06-20,Lautaro Martínez,2.4
2026-06-20,Yasin Ayari,2.36
2026-06-20,Brian Brobbey,2.27
2026-06-20,Aymen Hussein,2.19
2026-06-20,Crysencio Summerville,2.18
2026-06-20,Mohammad Mohebi,2.07
2026-06-20,Mehdi Taremi,1.99
2026-06-20,Jamal Musiala,1.92
2026-06-20,Mohamed Salah,1.87
2026-06-20,Raúl Jiménez,1.85
2026-06-20,Ali Olwan,1.84
2026-06-20,Abbosbek Fayzullaev,1.77
2026-06-20,Breel Embolo,1.76
2026-06-20,Mikel Oyarzabal,1.71
2026-06-20,Yoane Wissa,1.66
2026-06-20,Bradley Barcola,1.65
2026-06-20,Luis Romo,1.64
2026-06-20,Alexander Sørloth,1.63
2026-06-20,Jude Bellingham,1.61
2026-06-20,Marcus Rashford,1.61
2026-06-20,Daniel Muñoz,1.59
2026-06-20,Mohamed Amoura,1.56
2026-06-20,Granit Xhaka,1.54
2026-06-20,Ruben Vargas,1.54
2026-06-20,Romano Schmid,1.54
2026-06-20,Keito Nakamura,1.54
2026-06-20,John McGinn,1.54
2026-06-20,Alexander Isak,1.53
2026-06-20,Sardar Azmoun,1.53
2026-06-20,Nathan Saliba,1.49
2026-06-20,Michael Gregoritsch,1.49
2026-06-20,Oh Hyeon-gyu,1.49
2026-06-20,Amad Diallo,1.48
2026-06-20,Franck Kessié,1.48
2026-06-20,João Neves,1.47
2026-06-20,Ramin Rezaeian,1.46
2026-06-20,Andrej Kramarić,1.46
2026-06-20,Mikel Merino,1.43
2026-06-20,Bruno Fernandes,1.41
2026-06-20,Maximiliano Araújo,1.41
2026-06-20,Jesús Ferreira,1.39
2026-06-20,Anthony Elanga,1.36
2026-06-20,Matías Galarza,1.36
2026-06-20,Virgil van Dijk,1.36
2026-06-20,Marcel Sabitzer,1.36
2026-06-20,Son Heung-min,1.28
2026-06-20,Junya Itō,1.27
2026-06-20,Ibrahim Mbaye,1.27
2026-06-20,Felix Nmecha,1.26
2026-06-20,Kevin De Bruyne,1.23
2026-06-20,Ladislav Krejčí,1.23
2026-06-20,Petar Musa,1.22
2026-06-20,Rubén Vargas,1.22
2026-06-20,Martin Baturina,1.22
2026-06-20,Julián Quiñones,1.21
2026-06-20,Alex Freeman,1.2
2026-06-20,Connor Metcalfe,1.2
2026-06-20,Hwang In-beom,1.2
2026-06-20,Jaminton Campaz,1.2
2026-06-20,Giovanni Reyna,1.2
2026-06-20,Ayoub El Kaabi,1.2
2026-06-20,Nestory Irankunda,1.2
2026-06-20,Scott McTominay,1.18
2026-06-20,Teboho Mokoena,1.18
2026-06-20,Baghdad Bounedjah,1.17
2026-06-20,Leo Østigård,1.16
2026-06-20,Jordan Ayew,1.16
2026-06-20,Nico Schlotterbeck,1.13
2026-06-20,Livano Comenencia,1.13
2026-06-20,Caleb Yirenkyi,1.13
2026-06-20,Nathaniel Brown,1.13
2026-06-20,Emam Ashour,1.13
2026-06-20,Maurício,1.12
2026-06-20,Abdulelah Al-Amri,1.1
2026-06-20,Mattias Svanberg,1.09
2026-06-20,Sadio Mané,1.07
2026-06-20,Jovo Lukić,1.06
2026-06-20,Ermin Mahmić,1.06
2026-06-21,Erling Haaland,7.04
2026-06-21,Lionel Messi,6.31
2026-06-21,Harry Kane,5.64
2026-06-21,Kylian Mbappé,5.08
2026-06-21,Jonathan David,4.14
2026-06-21,Ayase Ueda,3.89
2026-06-21,Deniz Undav,3.79
2026-06-21,Mikel Oyarzabal,3.68
2026-06-21,Cody Gakpo,3.33
2026-06-21,Ismael Saibari,3.03
2026-06-21,Vinícius Júnior,3.01
2026-06-21,Luis Díaz,2.95
2026-06-21,Daichi Kamada,2.94
2026-06-21,Marko Arnautović,2.87
2026-06-21,Kai Havertz,2.79
2026-06-21,Folarin Balogun,2.79
2026-06-21,Cristiano Ronaldo,2.68
2026-06-21,Mohamed Salah,2.65
2026-06-21,Viktor Gyökeres,2.53
2026-06-21,Matheus Cunha,2.51
2026-06-21,Cyle Larin,2.49
2026-06-21,Lautaro Martínez,2.48
2026-06-21,Johan Manzambi,2.43
2026-06-21,Yasin Ayari,2.36
2026-06-21,Elijah Just,2.34
2026-06-21,Brian Brobbey,2.27
2026-06-21,Maximiliano Araújo,2.27
2026-06-21,Aymen Hussein,2.2
2026-06-21,Crysencio Summerville,2.18
2026-06-21,Jamal Musiala,1.92
2026-06-21,Raúl Jiménez,1.85
2026-06-21,Ali Olwan,1.85
2026-06-21,Lamine Yamal,1.84
2026-06-21,Abbosbek Fayzullaev,1.77
2026-06-21,Trézéguet,1.77
2026-06-21,Breel Embolo,1.75
2026-06-21,Mohammad Mohebi,1.74
2026-06-21,Romelu Lukaku,1.71
2026-06-21,Yoane Wissa,1.66
2026-06-21,Bradley Barcola,1.65
2026-06-21,Luis Romo,1.64
2026-06-21,Alexander Sørloth,1.62
2026-06-21,Jude Bellingham,1.61
2026-06-21,Marcus Rashford,1.61
2026-06-21,Daniel Muñoz,1.58
2026-06-21,Mohamed Amoura,1.55
2026-06-21,John McGinn,1.55
2026-06-21,Keito Nakamura,1.54
2026-06-21,Romano Schmid,1.54
2026-06-21,Alexander Isak,1.54
2026-06-21,Granit Xhaka,1.54
2026-06-21,Ruben Vargas,1.54
2026-06-21,Nathan Saliba,1.49
2026-06-21,Oh Hyeon-gyu,1.49
2026-06-21,Franck Kessié,1.48
2026-06-21,Amad Diallo,1.48
2026-06-21,João Neves,1.47
2026-06-21,Michael Gregoritsch,1.47
2026-06-21,Andrej Kramarić,1.45
2026-06-21,Bruno Fernandes,1.4
2026-06-21,Jesús Ferreira,1.39
2026-06-21,Mehdi Taremi,1.37
2026-06-21,Matías Galarza,1.37
2026-06-21,Virgil van Dijk,1.36
2026-06-21,Anthony Elanga,1.36
2026-06-21,Marcel Sabitzer,1.34
2026-06-21,Ramin Rezaeian,1.32
2026-06-21,Son Heung-min,1.28
2026-06-21,Ibrahim Mbaye,1.27
2026-06-21,Junya Itō,1.27
2026-06-21,Felix Nmecha,1.26
2026-06-21,Ladislav Krejčí,1.23
2026-06-21,Martin Baturina,1.22
2026-06-21,Petar Musa,1.22
2026-06-21,Rubén Vargas,1.21
2026-06-21,Julián Quiñones,1.21
2026-06-21,Mikel Merino,1.2
2026-06-21,Connor Metcalfe,1.2
2026-06-21,Hwang In-beom,1.2
2026-06-21,Alex Freeman,1.2
2026-06-21,Giovanni Reyna,1.2
2026-06-21,Ayoub El Kaabi,1.2
2026-06-21,Nestory Irankunda,1.2
2026-06-21,Jaminton Campaz,1.19
2026-06-21,Scott McTominay,1.19
2026-06-21,Teboho Mokoena,1.18
2026-06-21,Jordan Ayew,1.17
2026-06-21,Kevin Pina,1.16
2026-06-21,Leo Østigård,1.16
2026-06-21,Baghdad Bounedjah,1.16
2026-06-21,Agustín Canobbio,1.14
2026-06-21,Nico Schlotterbeck,1.13
2026-06-21,Caleb Yirenkyi,1.13
2026-06-21,Livano Comenencia,1.13
2026-06-21,Nathaniel Brown,1.13
2026-06-21,Maurício,1.12
2026-06-21,Emam Ashour,1.11
2026-06-21,Mostafa Ziko,1.11
2026-06-21,Julián Alvarez,1.1
2026-06-21,Finn Surman,1.1
2026-06-22,Lionel Messi,8.12
2026-06-22,Erling Haaland,8.04
2026-06-22,Kylian Mbappé,6.66
2026-06-22,Harry Kane,5.64
2026-06-22,Jonathan David,4.14
2026-06-22,Ayase Ueda,3.88
2026-06-22,Deniz Undav,3.78
2026-06-22,Mikel Oyarzabal,3.74
2026-06-22,Cody Gakpo,3.33
2026-06-22,Ismael Saibari,3.02
2026-06-22,Vinícius Júnior,3.0
2026-06-22,Luis Díaz,2.94
2026-06-22,Daichi Kamada,2.94
2026-06-22,Folarin Balogun,2.8
2026-06-22,Kai Havertz,2.78
2026-06-22,Cristiano Ronaldo,2.68
2026-06-22,Mohamed Salah,2.64
2026-06-22,Viktor Gyökeres,2.53
2026-06-22,Matheus Cunha,2.5
2026-06-22,Cyle Larin,2.49
2026-06-22,Ismaïla Sarr,2.46
2026-06-22,Johan Manzambi,2.43
2026-06-22,Yasin Ayari,2.36
2026-06-22,Elijah Just,2.34
2026-06-22,Maximiliano Araújo,2.27
2026-06-22,Brian Brobbey,2.27
2026-06-22,Marko Arnautović,2.24
2026-06-22,Crysencio Summerville,2.18
2026-06-22,Lautaro Martínez,2.01
2026-06-22,Jamal Musiala,1.91
2026-06-22,Lamine Yamal,1.87
2026-06-22,Raúl Jiménez,1.85
2026-06-22,Abbosbek Fayzullaev,1.77
2026-06-22,Trézéguet,1.76
2026-06-22,Breel Embolo,1.75
2026-06-22,Mohammad Mohebi,1.73
2026-06-22,Romelu Lukaku,1.69
2026-06-22,Yoane Wissa,1.66
2026-06-22,Luis Romo,1.64
2026-06-22,Jude Bellingham,1.61
2026-06-22,Marcus Rashford,1.61
2026-06-22,Aymen Hussein,1.6
2026-06-22,Daniel Muñoz,1.58
2026-06-22,Keito Nakamura,1.54
2026-06-22,Ruben Vargas,1.54
2026-06-22,John McGinn,1.54
2026-06-22,Granit Xhaka,1.54
2026-06-22,Alexander Isak,1.54
2026-06-22,Bradley Barcola,1.51
2026-06-22,Ousmane Dembélé,1.51
2026-06-22,Nathan Saliba,1.49
2026-06-22,Oh Hyeon-gyu,1.49
2026-06-22,João Neves,1.47
2026-06-22,Franck Kessié,1.47
2026-06-22,Amad Diallo,1.47
2026-06-22,Andrej Kramarić,1.46
2026-06-22,Bruno Fernandes,1.4
2026-06-22,Jesús Ferreira,1.4
2026-06-22,Ali Olwan,1.38
2026-06-22,Anthony Elanga,1.36
2026-06-22,Matías Galarza,1.36
2026-06-22,Mehdi Taremi,1.36
2026-06-22,Romano Schmid,1.35
2026-06-22,Virgil van Dijk,1.35
2026-06-22,Ramin Rezaeian,1.31
2026-06-22,Amine Gouiri,1.3
2026-06-22,Son Heung-min,1.28
2026-06-22,Junya Itō,1.27
2026-06-22,Felix Nmecha,1.26
2026-06-22,Mikel Merino,1.24
2026-06-22,Ladislav Krejčí,1.23
2026-06-22,Martin Baturina,1.22
2026-06-22,Petar Musa,1.22
2026-06-22,Alexander Sørloth,1.22
2026-06-22,Rubén Vargas,1.21
2026-06-22,Julián Quiñones,1.21
2026-06-22,Connor Metcalfe,1.2
2026-06-22,Nestory Irankunda,1.2
2026-06-22,Ayoub El Kaabi,1.2
2026-06-22,Hwang In-beom,1.2
2026-06-22,Alex Freeman,1.2
2026-06-22,Giovanni Reyna,1.2
2026-06-22,Mohamed Amoura,1.19
2026-06-22,Jaminton Campaz,1.19
2026-06-22,Teboho Mokoena,1.18
2026-06-22,Scott McTominay,1.18
2026-06-22,Jordan Ayew,1.17
2026-06-22,Kevin Pina,1.16
2026-06-22,Nadhir Benbouali,1.15
2026-06-22,Ibrahim Mbaye,1.15
2026-06-22,Agustín Canobbio,1.14
2026-06-22,Nico Schlotterbeck,1.13
2026-06-22,Nathaniel Brown,1.13
2026-06-22,Caleb Yirenkyi,1.13
2026-06-22,Livano Comenencia,1.13
2026-06-22,Marcus Holmgren Pedersen,1.12
2026-06-22,Leo Østigård,1.12
2026-06-22,Maurício,1.12
2026-06-22,Mostafa Ziko,1.11
2026-06-22,Emam Ashour,1.11
2026-06-23,Lionel Messi,8.11
2026-06-23,Erling Haaland,8.05
2026-06-23,Kylian Mbappé,6.66
2026-06-23,Harry Kane,4.7
2026-06-23,Cristiano Ronaldo,4.56
2026-06-23,Jonathan David,4.13
2026-06-23,Ayase Ueda,3.88
2026-06-23,Deniz Undav,3.77
2026-06-23,Mikel Oyarzabal,3.67
2026-06-23,Cody Gakpo,3.33
2026-06-23,Ismael Saibari,3.03
2026-06-23,Vinícius Júnior,3.0
2026-06-23,Daichi Kamada,2.94
2026-06-23,Folarin Balogun,2.8
2026-06-23,Kai Havertz,2.77
2026-06-23,Mohamed Salah,2.63
2026-06-23,Daniel Muñoz,2.59
2026-06-23,Viktor Gyökeres,2.52
2026-06-23,Matheus Cunha,2.5
2026-06-23,Cyle Larin,2.48
2026-06-23,Luis Díaz,2.48
2026-06-23,Ismaïla Sarr,2.46
2026-06-23,Johan Manzambi,2.43
2026-06-23,Yasin Ayari,2.36
2026-06-23,Elijah Just,2.34
2026-06-23,Maximiliano Araújo,2.27
2026-06-23,Brian Brobbey,2.27
2026-06-23,Marko Arnautović,2.22
2026-06-23,Crysencio Summerville,2.18
2026-06-23,Lautaro Martínez,2.0
2026-06-23,Jamal Musiala,1.9
2026-06-23,Raúl Jiménez,1.87
2026-06-23,Lamine Yamal,1.84
2026-06-23,Trézéguet,1.76
2026-06-23,Breel Embolo,1.75
2026-06-23,Mohammad Mohebi,1.73
2026-06-23,Romelu Lukaku,1.68
2026-06-23,Luis Romo,1.65
2026-06-23,Aymen Hussein,1.6
2026-06-23,Keito Nakamura,1.54
2026-06-23,Alexander Isak,1.54
2026-06-23,John McGinn,1.54
2026-06-23,Granit Xhaka,1.53
2026-06-23,Ruben Vargas,1.53
2026-06-23,Ousmane Dembélé,1.51
2026-06-23,Bradley Barcola,1.51
2026-06-23,Oh Hyeon-gyu,1.49
2026-06-23,Nathan Saliba,1.48
2026-06-23,Amad Diallo,1.47
2026-06-23,Franck Kessié,1.47
2026-06-23,Marcus Rashford,1.45
2026-06-23,Jude Bellingham,1.45
2026-06-23,Ante Budimir,1.43
2026-06-23,João Neves,1.41
2026-06-23,Jesús Ferreira,1.39
2026-06-23,Ali Olwan,1.38
2026-06-23,Yoane Wissa,1.37
2026-06-23,Matías Galarza,1.36
2026-06-23,Anthony Elanga,1.36
2026-06-23,Virgil van Dijk,1.35
2026-06-23,Mehdi Taremi,1.35
2026-06-23,Romano Schmid,1.35
2026-06-23,Abbosbek Fayzullaev,1.34
2026-06-23,Ramin Rezaeian,1.31
2026-06-23,Rafael Leão,1.31
2026-06-23,Amine Gouiri,1.3
2026-06-23,Son Heung-min,1.28
2026-06-23,Junya Itō,1.27
2026-06-23,Felix Nmecha,1.26
2026-06-23,Ladislav Krejčí,1.23
2026-06-23,Bruno Fernandes,1.23
2026-06-23,Alexander Sørloth,1.23
2026-06-23,Julián Quiñones,1.22
2026-06-23,Rubén Vargas,1.21
2026-06-23,Giovanni Reyna,1.2
2026-06-23,Hwang In-beom,1.2
2026-06-23,Alex Freeman,1.2
2026-06-23,Ayoub El Kaabi,1.2
2026-06-23,Nuno Mendes,1.2
2026-06-23,Mikel Merino,1.2
2026-06-23,Connor Metcalfe,1.19
2026-06-23,Nestory Irankunda,1.19
2026-06-23,Mohamed Amoura,1.18
2026-06-23,Teboho Mokoena,1.18
2026-06-23,Martin Baturina,1.17
2026-06-23,Petar Musa,1.17
2026-06-23,Scott McTominay,1.17
2026-06-23,Kevin Pina,1.16
2026-06-23,Nadhir Benbouali,1.15
2026-06-23,Ibrahim Mbaye,1.15
2026-06-23,Jaminton Campaz,1.15
2026-06-23,Nathaniel Brown,1.13
2026-06-23,Andrej Kramarić,1.13
2026-06-23,Livano Comenencia,1.13
2026-06-23,Agustín Canobbio,1.13
2026-06-23,Nico Schlotterbeck,1.13
2026-06-23,Marcus Holmgren Pedersen,1.12
2026-06-23,Leo Østigård,1.12
2026-06-23,Maurício,1.12
2026-06-23,Mostafa Ziko,1.11
2026-06-24,Lionel Messi,8.11
2026-06-24,Erling Haaland,8.04
2026-06-24,Kylian Mbappé,6.71
2026-06-24,Vinícius Júnior,4.9
2026-06-24,Harry Kane,4.66
2026-06-24,Cristiano Ronaldo,4.56
2026-06-24,Ayase Ueda,3.84
2026-06-24,Deniz Undav,3.78
2026-06-24,Jonathan David,3.77
2026-06-24,Ismael Saibari,3.76
2026-06-24,Mikel Oyarzabal,3.67
2026-06-24,Matheus Cunha,3.45
2026-06-24,Johan Manzambi,3.35
2026-06-24,Cody Gakpo,3.31
2026-06-24,Daichi Kamada,2.92
2026-06-24,Folarin Balogun,2.8
2026-06-24,Kai Havertz,2.78
2026-06-24,Mohamed Salah,2.63
2026-06-24,Daniel Muñoz,2.59
2026-06-24,Luis Díaz,2.47
2026-06-24,Viktor Gyökeres,2.46
2026-06-24,Ismaïla Sarr,2.45
2026-06-24,Yasin Ayari,2.34
2026-06-24,Elijah Just,2.34
2026-06-24,Cyle Larin,2.33
2026-06-24,Julián Quiñones,2.29
2026-06-24,Brian Brobbey,2.26
2026-06-24,Maximiliano Araújo,2.25
2026-06-24,Rubén Vargas,2.21
2026-06-24,Marko Arnautović,2.21
2026-06-24,Crysencio Summerville,2.17
2026-06-24,Ermin Mahmić,2.09
2026-06-24,Lautaro Martínez,2.0
2026-06-24,Jamal Musiala,1.91
2026-06-24,Lamine Yamal,1.84
2026-06-24,Trézéguet,1.76
2026-06-24,Mohammad Mohebi,1.71
2026-06-24,Romelu Lukaku,1.68
2026-06-24,Raúl Jiménez,1.58
2026-06-24,Aymen Hussein,1.56
2026-06-24,Keito Nakamura,1.52
2026-06-24,Alexander Isak,1.52
2026-06-24,Ousmane Dembélé,1.52
2026-06-24,Bradley Barcola,1.52
2026-06-24,Breel Embolo,1.49
2026-06-24,Franck Kessié,1.47
2026-06-24,Amad Diallo,1.47
2026-06-24,Jude Bellingham,1.44
2026-06-24,Marcus Rashford,1.44
2026-06-24,Ante Budimir,1.43
2026-06-24,Luis Romo,1.43
2026-06-24,Jesús Ferreira,1.41
2026-06-24,João Neves,1.41
2026-06-24,Ali Olwan,1.38
2026-06-24,Yoane Wissa,1.36
2026-06-24,Virgil van Dijk,1.35
2026-06-24,Matías Galarza,1.35
2026-06-24,Romano Schmid,1.35
2026-06-24,Granit Xhaka,1.35
2026-06-24,Ruben Vargas,1.35
2026-06-24,Anthony Elanga,1.34
2026-06-24,Nathan Saliba,1.33
2026-06-24,Mehdi Taremi,1.32
2026-06-24,Abbosbek Fayzullaev,1.31
2026-06-24,Rafael Leão,1.31
2026-06-24,Ramin Rezaeian,1.31
2026-06-24,Amine Gouiri,1.28
2026-06-24,Felix Nmecha,1.26
2026-06-24,Junya Itō,1.26
2026-06-24,Oh Hyeon-gyu,1.26
2026-06-24,Bruno Fernandes,1.23
2026-06-24,Alexander Sørloth,1.23
2026-06-24,Achraf Hakimi,1.22
2026-06-24,Soufiane Rahimi,1.22
2026-06-24,Promise David,1.22
2026-06-24,Giovanni Reyna,1.2
2026-06-24,Nuno Mendes,1.2
2026-06-24,Alex Freeman,1.2
2026-06-24,Teboho Mokoena,1.19
2026-06-24,Nestory Irankunda,1.19
2026-06-24,Mikel Merino,1.19
2026-06-24,Connor Metcalfe,1.19
2026-06-24,Martin Baturina,1.17
2026-06-24,Petar Musa,1.17
2026-06-24,Kevin Pina,1.16
2026-06-24,Ibrahim Mbaye,1.15
2026-06-24,Jaminton Campaz,1.15
2026-06-24,Álvaro Fidalgo,1.14
2026-06-24,Mateo Chávez,1.14
2026-06-24,Nadhir Benbouali,1.14
2026-06-24,Agustín Canobbio,1.13
2026-06-24,Mohamed Amoura,1.13
2026-06-24,Nico Schlotterbeck,1.13
2026-06-24,Nathaniel Brown,1.13
2026-06-24,Livano Comenencia,1.13
2026-06-24,Thapelo Maseko,1.12
2026-06-24,Maurício,1.12
2026-06-24,Marcus Holmgren Pedersen,1.12
2026-06-24,Leo Østigård,1.12
2026-06-24,Andrej Kramarić,1.12
2026-06-25,Lionel Messi,8.11
2026-06-25,Erling Haaland,7.97
2026-06-25,Kylian Mbappé,6.7
2026-06-25,Vinícius Júnior,4.9
2026-06-25,Harry Kane,4.65
2026-06-25,Cristiano Ronaldo,4.57
2026-06-25,Jonathan David,3.77
2026-06-25,Ismael Saibari,3.75
2026-06-25,Mikel Oyarzabal,3.68
2026-06-25,Deniz Undav,3.52
2026-06-25,Matheus Cunha,3.45
2026-06-25,Johan Manzambi,3.36
2026-06-25,Brian Brobbey,3.24
2026-06-25,Ayase Ueda,3.07
2026-06-25,Cody Gakpo,2.92
2026-06-25,Mohamed Salah,2.64
2026-06-25,Daniel Muñoz,2.59
2026-06-25,Daichi Kamada,2.53
2026-06-25,Kai Havertz,2.52
2026-06-25,Folarin Balogun,2.5
2026-06-25,Luis Díaz,2.48
2026-06-25,Ismaïla Sarr,2.4
2026-06-25,Elijah Just,2.34
2026-06-25,Cyle Larin,2.33
2026-06-25,Anthony Elanga,2.27
2026-06-25,Julián Quiñones,2.26
2026-06-25,Maximiliano Araújo,2.25
2026-06-25,Rubén Vargas,2.22
2026-06-25,Yasin Ayari,2.22
2026-06-25,Marko Arnautović,2.13
2026-06-25,Crysencio Summerville,2.12
2026-06-25,Nicolas Pépé,2.11
2026-06-25,Ermin Mahmić,2.09
2026-06-25,Lautaro Martínez,2.0
2026-06-25,Viktor Gyökeres,1.92
2026-06-25,Lamine Yamal,1.84
2026-06-25,Trézéguet,1.77
2026-06-25,Mohammad Mohebi,1.71
2026-06-25,Romelu Lukaku,1.67
2026-06-25,Jamal Musiala,1.61
2026-06-25,Aymen Hussein,1.54
2026-06-25,Ousmane Dembélé,1.51
2026-06-25,Raúl Jiménez,1.51
2026-06-25,Bradley Barcola,1.51
2026-06-25,Breel Embolo,1.5
2026-06-25,Marcus Rashford,1.44
2026-06-25,Jude Bellingham,1.44
2026-06-25,Ante Budimir,1.42
2026-06-25,João Neves,1.41
2026-06-25,Luis Romo,1.39
2026-06-25,Ali Olwan,1.38
2026-06-25,Granit Xhaka,1.36
2026-06-25,Ruben Vargas,1.36
2026-06-25,Yoane Wissa,1.36
2026-06-25,Leroy Sané,1.35
2026-06-25,Nathan Saliba,1.33
2026-06-25,Romano Schmid,1.32
2026-06-25,Alexander Isak,1.32
2026-06-25,Mehdi Taremi,1.32
2026-06-25,Keito Nakamura,1.31
2026-06-25,Rafael Leão,1.31
2026-06-25,Ramin Rezaeian,1.3
2026-06-25,Abbosbek Fayzullaev,1.3
2026-06-25,Amad Diallo,1.28
2026-06-25,Gonzalo Plata,1.28
2026-06-25,Franck Kessié,1.28
2026-06-25,Amine Gouiri,1.26
2026-06-25,Virgil van Dijk,1.24
2026-06-25,Bruno Fernandes,1.23
2026-06-25,Promise David,1.22
2026-06-25,Matías Galarza,1.22
2026-06-25,Soufiane Rahimi,1.21
2026-06-25,Achraf Hakimi,1.21
2026-06-25,Nuno Mendes,1.21
2026-06-25,Mikel Merino,1.2
2026-06-25,Alexander Sørloth,1.2
2026-06-25,Oh Hyeon-gyu,1.19
2026-06-25,Teboho Mokoena,1.19
2026-06-25,Petar Musa,1.17
2026-06-25,Martin Baturina,1.17
2026-06-25,Felix Nmecha,1.17
2026-06-25,Kevin Pina,1.16
2026-06-25,Daizen Maeda,1.15
2026-06-25,Jaminton Campaz,1.15
2026-06-25,Junya Itō,1.15
2026-06-25,Alex Freeman,1.13
2026-06-25,Ibrahim Mbaye,1.13
2026-06-25,Nadhir Benbouali,1.13
2026-06-25,Auston Trusty,1.13
2026-06-25,Sebastian Berhalter,1.13
2026-06-25,Agustín Canobbio,1.13
2026-06-25,Mateo Chávez,1.13
2026-06-25,Álvaro Fidalgo,1.13
2026-06-25,Giovanni Reyna,1.13
2026-06-25,Marcus Holmgren Pedersen,1.12
2026-06-25,Leo Østigård,1.12
2026-06-25,Nestory Irankunda,1.12
2026-06-25,Thapelo Maseko,1.12
2026-06-25,Connor Metcalfe,1.12
2026-06-25,Emam Ashour,1.11
2026-06-26,Lionel Messi,8.23
2026-06-26,Erling Haaland,6.39
2026-06-26,Kylian Mbappé,6.17
2026-06-26,Vinícius Júnior,4.94
2026-06-26,Harry Kane,4.63
2026-06-26,Cristiano Ronaldo,4.54
2026-06-26,Jonathan David,3.76
2026-06-26,Ismael Saibari,3.74
2026-06-26,Deniz Undav,3.52
2026-06-26,Matheus Cunha,3.47
2026-06-26,Ismaïla Sarr,3.44
2026-06-26,Johan Manzambi,3.35
2026-06-26,Mikel Oyarzabal,3.27
2026-06-26,Brian Brobbey,3.24
2026-06-26,Ayase Ueda,3.11
2026-06-26,Elijah Just,3.0
2026-06-26,Cody Gakpo,2.9
2026-06-26,Daniel Muñoz,2.59
2026-06-26,Daichi Kamada,2.55
2026-06-26,Kai Havertz,2.52
2026-06-26,Folarin Balogun,2.48
2026-06-26,Luis Díaz,2.47
2026-06-26,Leandro Trossard,2.46
2026-06-26,Romelu Lukaku,2.44
2026-06-26,Pape Gueye,2.38
2026-06-26,Cyle Larin,2.33
2026-06-26,Anthony Elanga,2.27
2026-06-26,Ramin Rezaeian,2.25
2026-06-26,Julián Quiñones,2.25
2026-06-26,Yasin Ayari,2.22
2026-06-26,Rubén Vargas,2.21
2026-06-26,Crysencio Summerville,2.12
2026-06-26,Nicolas Pépé,2.12
2026-06-26,Ermin Mahmić,2.09
2026-06-26,Lautaro Martínez,2.08
2026-06-26,Marko Arnautović,2.03
2026-06-26,Maximiliano Araújo,2.0
2026-06-26,Mohamed Salah,1.93
2026-06-26,Viktor Gyökeres,1.93
2026-06-26,Kevin De Bruyne,1.76
2026-06-26,Lamine Yamal,1.63
2026-06-26,Jamal Musiala,1.61
2026-06-26,Raúl Jiménez,1.51
2026-06-26,Breel Embolo,1.49
2026-06-26,Mohammad Mohebi,1.44
2026-06-26,Marcus Rashford,1.44
2026-06-26,Jude Bellingham,1.44
2026-06-26,Trézéguet,1.43
2026-06-26,João Neves,1.41
2026-06-26,Ousmane Dembélé,1.41
2026-06-26,Bradley Barcola,1.41
2026-06-26,Ante Budimir,1.4
2026-06-26,Luis Romo,1.38
2026-06-26,Ali Olwan,1.38
2026-06-26,Yoane Wissa,1.36
2026-06-26,Ruben Vargas,1.35
2026-06-26,Granit Xhaka,1.35
2026-06-26,Leroy Sané,1.35
2026-06-26,Nathan Saliba,1.33
2026-06-26,Alexander Isak,1.33
2026-06-26,Keito Nakamura,1.32
2026-06-26,Rafael Leão,1.3
2026-06-26,Franck Kessié,1.3
2026-06-26,Amad Diallo,1.3
2026-06-26,Abbosbek Fayzullaev,1.3
2026-06-26,Romano Schmid,1.3
2026-06-26,Gonzalo Plata,1.28
2026-06-26,Iliman Ndiaye,1.25
2026-06-26,Amine Gouiri,1.24
2026-06-26,Virgil van Dijk,1.24
2026-06-26,Promise David,1.22
2026-06-26,Bruno Fernandes,1.22
2026-06-26,Soufiane Rahimi,1.21
2026-06-26,Achraf Hakimi,1.21
2026-06-26,Nuno Mendes,1.2
2026-06-26,Matías Galarza,1.2
2026-06-26,Teboho Mokoena,1.19
2026-06-26,Felix Nmecha,1.17
2026-06-26,Petar Musa,1.16
2026-06-26,Junya Itō,1.16
2026-06-26,Daizen Maeda,1.16
2026-06-26,Martin Baturina,1.16
2026-06-26,Jaminton Campaz,1.15
2026-06-26,Alexis Saelemaekers,1.15
2026-06-26,Mateo Chávez,1.13
2026-06-26,Álvaro Fidalgo,1.13
2026-06-26,Nestory Irankunda,1.13
2026-06-26,Connor Metcalfe,1.13
2026-06-26,Ibrahim Mbaye,1.13
2026-06-26,Thapelo Maseko,1.12
2026-06-26,Sebastian Berhalter,1.12
2026-06-26,Giovanni Reyna,1.12
2026-06-26,Auston Trusty,1.12
2026-06-26,Nadhir Benbouali,1.12
2026-06-26,Alex Freeman,1.12
2026-06-26,Oh Hyeon-gyu,1.11
2026-06-26,Gessime Yassine,1.11
2026-06-26,Kevin Pina,1.1
2026-06-26,Caleb Yirenkyi,1.1
2026-06-26,Kerim Alajbegović,1.09
2026-06-27,Lionel Messi,8.58
2026-06-27,Erling Haaland,6.35
2026-06-27,Kylian Mbappé,6.24
2026-06-27,Harry Kane,5.08
2026-06-27,Vinícius Júnior,4.93
2026-06-27,Ousmane Dembélé,4.75
2026-06-27,Jonathan David,3.76
2026-06-27,Ismael Saibari,3.73
2026-06-27,Cristiano Ronaldo,3.56
2026-06-27,Ismaïla Sarr,3.47
2026-06-27,Matheus Cunha,3.47
2026-06-27,Deniz Undav,3.45
2026-06-27,Yoane Wissa,3.37
2026-06-27,Johan Manzambi,3.35
2026-06-27,Mikel Oyarzabal,3.28
2026-06-27,Brian Brobbey,3.24
2026-06-27,Ayase Ueda,3.1
2026-06-27,Elijah Just,3.0
2026-06-27,Cody Gakpo,2.89
2026-06-27,Lautaro Martínez,2.72
2026-06-27,Marko Arnautović,2.66
2026-06-27,Daichi Kamada,2.55
2026-06-27,Riyad Mahrez,2.54
2026-06-27,Folarin Balogun,2.49
2026-06-27,Daniel Muñoz,2.46
2026-06-27,Kai Havertz,2.45
2026-06-27,Leandro Trossard,2.45
2026-06-27,Romelu Lukaku,2.43
2026-06-27,Jude Bellingham,2.42
2026-06-27,Pape Gueye,2.4
2026-06-27,Cyle Larin,2.32
2026-06-27,Julián Quiñones,2.25
2026-06-27,Anthony Elanga,2.23
2026-06-27,Rubén Vargas,2.21
2026-06-27,Yasin Ayari,2.18
2026-06-27,Luis Díaz,2.14
2026-06-27,Crysencio Summerville,2.12
2026-06-27,Nicolas Pépé,2.12
2026-06-27,Ermin Mahmić,2.09
2026-06-27,Ramin Rezaeian,2.0
2026-06-27,Maximiliano Araújo,2.0
2026-06-27,Mohamed Salah,1.93
2026-06-27,Viktor Gyökeres,1.78
2026-06-27,Kevin De Bruyne,1.75
2026-06-27,Lamine Yamal,1.64
2026-06-27,Jamal Musiala,1.52
2026-06-27,Breel Embolo,1.49
2026-06-27,Raúl Jiménez,1.49
2026-06-27,Marcel Sabitzer,1.48
2026-06-27,Bradley Barcola,1.43
2026-06-27,Thelo Aasgaard,1.43
2026-06-27,Trézéguet,1.43
2026-06-27,Luis Romo,1.37
2026-06-27,Ruben Vargas,1.35
2026-06-27,Granit Xhaka,1.35
2026-06-27,Marcus Rashford,1.33
2026-06-27,Nathan Saliba,1.32
2026-06-27,Keito Nakamura,1.31
2026-06-27,Amad Diallo,1.3
2026-06-27,Leroy Sané,1.3
2026-06-27,Franck Kessié,1.3
2026-06-27,Álex Baena,1.28
2026-06-27,Alexander Isak,1.28
2026-06-27,Gonzalo Plata,1.27
2026-06-27,Iliman Ndiaye,1.27
2026-06-27,Ante Budimir,1.25
2026-06-27,João Neves,1.25
2026-06-27,Virgil van Dijk,1.24
2026-06-27,Matías Galarza,1.23
2026-06-27,Promise David,1.22
2026-06-27,Achraf Hakimi,1.21
2026-06-27,Soufiane Rahimi,1.21
2026-06-27,Rafael Leão,1.19
2026-06-27,Teboho Mokoena,1.18
2026-06-27,Amine Gouiri,1.18
2026-06-27,Romano Schmid,1.18
2026-06-27,Giovani Lo Celso,1.17
2026-06-27,Junya Itō,1.16
2026-06-27,Daizen Maeda,1.16
2026-06-27,Felix Nmecha,1.15
2026-06-27,Alexis Saelemaekers,1.15
2026-06-27,Nikola Vlašić,1.15
2026-06-27,Fiston Mayele,1.14
2026-06-27,Nestory Irankunda,1.13
2026-06-27,Connor Metcalfe,1.13
2026-06-27,Ibrahim Mbaye,1.13
2026-06-27,Nuno Mendes,1.12
2026-06-27,Giovanni Reyna,1.12
2026-06-27,Álvaro Fidalgo,1.12
2026-06-27,Thapelo Maseko,1.12
2026-06-27,Sebastian Berhalter,1.12
2026-06-27,Auston Trusty,1.12
2026-06-27,Alex Freeman,1.12
2026-06-27,Mateo Chávez,1.12
2026-06-27,Désiré Doué,1.11
2026-06-27,Jaminton Campaz,1.11
2026-06-27,Petar Sučić,1.1
2026-06-27,Gessime Yassine,1.1
2026-06-27,Kevin Pina,1.1
2026-06-27,Martin Baturina,1.1
2026-06-28,Lionel Messi,8.58
2026-06-28,Erling Haaland,6.35
2026-06-28,Kylian Mbappé,6.24
2026-06-28,Harry Kane,5.08
2026-06-28,Vinícius Júnior,4.93
2026-06-28,Ousmane Dembélé,4.75
2026-06-28,Jonathan David,3.88
2026-06-28,Ismael Saibari,3.72
2026-06-28,Cristiano Ronaldo,3.56
2026-06-28,Ismaïla Sarr,3.47
2026-06-28,Matheus Cunha,3.47
2026-06-28,Deniz Undav,3.45
2026-06-28,Yoane Wissa,3.37
2026-06-28,Johan Manzambi,3.35
2026-06-28,Mikel Oyarzabal,3.28
2026-06-28,Brian Brobbey,3.23
2026-06-28,Ayase Ueda,3.1
2026-06-28,Elijah Just,3.0
2026-06-28,Cody Gakpo,2.87
2026-06-28,Lautaro Martínez,2.72
2026-06-28,Marko Arnautović,2.66
2026-06-28,Daichi Kamada,2.55
2026-06-28,Riyad Mahrez,2.54
2026-06-28,Folarin Balogun,2.49
2026-06-28,Daniel Muñoz,2.46
2026-06-28,Kai Havertz,2.45
2026-06-28,Leandro Trossard,2.45
2026-06-28,Romelu Lukaku,2.43
2026-06-28,Jude Bellingham,2.42
2026-06-28,Pape Gueye,2.4
2026-06-28,Cyle Larin,2.38
2026-06-28,Julián Quiñones,2.25
2026-06-28,Anthony Elanga,2.23
2026-06-28,Rubén Vargas,2.21
2026-06-28,Yasin Ayari,2.18
2026-06-28,Luis Díaz,2.14
2026-06-28,Nicolas Pépé,2.12
2026-06-28,Crysencio Summerville,2.12
2026-06-28,Ermin Mahmić,2.09
2026-06-28,Maximiliano Araújo,2.0
2026-06-28,Ramin Rezaeian,2.0
2026-06-28,Mohamed Salah,1.93
2026-06-28,Viktor Gyökeres,1.78
2026-06-28,Kevin De Bruyne,1.75
2026-06-28,Lamine Yamal,1.64
2026-06-28,Jamal Musiala,1.52
2026-06-28,Breel Embolo,1.49
2026-06-28,Raúl Jiménez,1.49
2026-06-28,Marcel Sabitzer,1.48
2026-06-28,Bradley Barcola,1.43
2026-06-28,Trézéguet,1.43
2026-06-28,Thelo Aasgaard,1.43
2026-06-28,Nathan Saliba,1.38
2026-06-28,Luis Romo,1.37
2026-06-28,Granit Xhaka,1.35
2026-06-28,Ruben Vargas,1.35
2026-06-28,Marcus Rashford,1.33
2026-06-28,Keito Nakamura,1.31
2026-06-28,Leroy Sané,1.3
2026-06-28,Franck Kessié,1.3
2026-06-28,Amad Diallo,1.3
2026-06-28,Alexander Isak,1.28
2026-06-28,Álex Baena,1.28
2026-06-28,Iliman Ndiaye,1.27
2026-06-28,Gonzalo Plata,1.27
2026-06-28,João Neves,1.25
2026-06-28,Ante Budimir,1.25
2026-06-28,Promise David,1.25
2026-06-28,Matías Galarza,1.23
2026-06-28,Virgil van Dijk,1.23
2026-06-28,Achraf Hakimi,1.2
2026-06-28,Soufiane Rahimi,1.2
2026-06-28,Rafael Leão,1.19
2026-06-28,Amine Gouiri,1.18
2026-06-28,Giovani Lo Celso,1.17
2026-06-28,Romano Schmid,1.17
2026-06-28,Daizen Maeda,1.16
2026-06-28,Junya Itō,1.16
2026-06-28,Felix Nmecha,1.15
2026-06-28,Alexis Saelemaekers,1.15
2026-06-28,Nikola Vlašić,1.15
2026-06-28,Teboho Mokoena,1.14
2026-06-28,Fiston Mayele,1.14
2026-06-28,Nestory Irankunda,1.13
2026-06-28,Connor Metcalfe,1.13
2026-06-28,Ibrahim Mbaye,1.13
2026-06-28,Sebastian Berhalter,1.12
2026-06-28,Nuno Mendes,1.12
2026-06-28,Auston Trusty,1.12
2026-06-28,Mateo Chávez,1.12
2026-06-28,Giovanni Reyna,1.12
2026-06-28,Álvaro Fidalgo,1.12
2026-06-28,Alex Freeman,1.12
2026-06-28,Jaminton Campaz,1.11
2026-06-28,Désiré Doué,1.11
2026-06-28,Martin Baturina,1.1
2026-06-28,Petar Musa,1.1
2026-06-28,Petar Sučić,1.1
2026-06-28,Gessime Yassine,1.1
2026-06-28,Kevin Pina,1.1
2026-06-29,Lionel Messi,8.57
2026-06-29,Kylian Mbappé,6.34
2026-06-29,Erling Haaland,6.29
2026-06-29,Vinícius Júnior,5.25
2026-06-29,Harry Kane,5.06
2026-06-29,Ousmane Dembélé,4.78
2026-06-29,Ismael Saibari,4.04
2026-06-29,Jonathan David,3.89
2026-06-29,Matheus Cunha,3.63
2026-06-29,Cristiano Ronaldo,3.56
2026-06-29,Ismaïla Sarr,3.47
2026-06-29,Yoane Wissa,3.37
2026-06-29,Johan Manzambi,3.35
2026-06-29,Mikel Oyarzabal,3.28
2026-06-29,Deniz Undav,3.21
2026-06-29,Brian Brobbey,3.11
2026-06-29,Elijah Just,3.0
2026-06-29,Lautaro Martínez,2.71
2026-06-29,Marko Arnautović,2.66
2026-06-29,Ayase Ueda,2.59
2026-06-29,Riyad Mahrez,2.54
2026-06-29,Folarin Balogun,2.49
2026-06-29,Daniel Muñoz,2.46
2026-06-29,Cody Gakpo,2.45
2026-06-29,Leandro Trossard,2.45
2026-06-29,Romelu Lukaku,2.43
2026-06-29,Jude Bellingham,2.41
2026-06-29,Pape Gueye,2.4
2026-06-29,Cyle Larin,2.38
2026-06-29,Daichi Kamada,2.3
2026-06-29,Kai Havertz,2.25
2026-06-29,Julián Quiñones,2.24
2026-06-29,Anthony Elanga,2.23
2026-06-29,Rubén Vargas,2.21
2026-06-29,Yasin Ayari,2.19
2026-06-29,Luis Díaz,2.14
2026-06-29,Nicolas Pépé,2.12
2026-06-29,Ermin Mahmić,2.09
2026-06-29,Crysencio Summerville,2.06
2026-06-29,Ramin Rezaeian,2.0
2026-06-29,Maximiliano Araújo,2.0
2026-06-29,Mohamed Salah,1.93
2026-06-29,Viktor Gyökeres,1.79
2026-06-29,Kevin De Bruyne,1.75
2026-06-29,Lamine Yamal,1.64
2026-06-29,Breel Embolo,1.49
2026-06-29,Raúl Jiménez,1.49
2026-06-29,Marcel Sabitzer,1.48
2026-06-29,Bradley Barcola,1.45
2026-06-29,Trézéguet,1.43
2026-06-29,Thelo Aasgaard,1.42
2026-06-29,Nathan Saliba,1.38
2026-06-29,Luis Romo,1.37
2026-06-29,Ruben Vargas,1.35
2026-06-29,Granit Xhaka,1.35
2026-06-29,Matías Galarza,1.34
2026-06-29,Marcus Rashford,1.33
2026-06-29,Amad Diallo,1.3
2026-06-29,Franck Kessié,1.3
2026-06-29,Soufiane Rahimi,1.3
2026-06-29,Achraf Hakimi,1.3
2026-06-29,Álex Baena,1.28
2026-06-29,Alexander Isak,1.28
2026-06-29,Gonzalo Plata,1.27
2026-06-29,Iliman Ndiaye,1.27
2026-06-29,Jamal Musiala,1.25
2026-06-29,João Neves,1.25
2026-06-29,Promise David,1.25
2026-06-29,Ante Budimir,1.25
2026-06-29,Rafael Leão,1.19
2026-06-29,Amine Gouiri,1.18
2026-06-29,Romano Schmid,1.17
2026-06-29,Giovani Lo Celso,1.17
2026-06-29,Keito Nakamura,1.17
2026-06-29,Nikola Vlašić,1.15
2026-06-29,Gessime Yassine,1.15
2026-06-29,Alexis Saelemaekers,1.15
2026-06-29,Teboho Mokoena,1.14
2026-06-29,Fiston Mayele,1.14
2026-06-29,Leroy Sané,1.14
2026-06-29,Connor Metcalfe,1.13
2026-06-29,Nestory Irankunda,1.13
2026-06-29,Ibrahim Mbaye,1.13
2026-06-29,Mateo Chávez,1.12
2026-06-29,Giovanni Reyna,1.12
2026-06-29,Auston Trusty,1.12
2026-06-29,Alex Freeman,1.12
2026-06-29,Nuno Mendes,1.12
2026-06-29,Sebastian Berhalter,1.12
2026-06-29,Álvaro Fidalgo,1.12
2026-06-29,Maurício,1.11
2026-06-29,Désiré Doué,1.11
2026-06-29,Jaminton Campaz,1.11
2026-06-29,Virgil van Dijk,1.11
2026-06-29,Kevin Pina,1.1
2026-06-29,Petar Sučić,1.1
2026-06-29,Petar Musa,1.1
2026-06-29,Martin Baturina,1.1
2026-06-29,Nadhir Benbouali,1.09
2026-06-29,Nilson Angulo,1.09
2026-06-30,Lionel Messi,8.56
2026-06-30,Erling Haaland,7.0
2026-06-30,Kylian Mbappé,6.68
2026-06-30,Vinícius Júnior,5.2
2026-06-30,Harry Kane,4.97
2026-06-30,Ousmane Dembélé,4.82
2026-06-30,Ismael Saibari,4.03
2026-06-30,Jonathan David,3.88
2026-06-30,Matheus Cunha,3.6
2026-06-30,Cristiano Ronaldo,3.56
2026-06-30,Ismaïla Sarr,3.47
2026-06-30,Yoane Wissa,3.36
2026-06-30,Johan Manzambi,3.35
2026-06-30,Mikel Oyarzabal,3.28
2026-06-30,Deniz Undav,3.21
2026-06-30,Brian Brobbey,3.11
2026-06-30,Elijah Just,3.0
2026-06-30,Lautaro Martínez,2.71
2026-06-30,Marko Arnautović,2.66
2026-06-30,Ayase Ueda,2.59
2026-06-30,Riyad Mahrez,2.54
2026-06-30,Folarin Balogun,2.49
2026-06-30,Julián Quiñones,2.48
2026-06-30,Daniel Muñoz,2.45
2026-06-30,Cody Gakpo,2.45
2026-06-30,Leandro Trossard,2.45
2026-06-30,Romelu Lukaku,2.42
2026-06-30,Pape Gueye,2.4
2026-06-30,Jude Bellingham,2.39
2026-06-30,Cyle Larin,2.38
2026-06-30,Daichi Kamada,2.3
2026-06-30,Kai Havertz,2.25
2026-06-30,Rubén Vargas,2.21
2026-06-30,Anthony Elanga,2.2
2026-06-30,Yasin Ayari,2.16
2026-06-30,Luis Díaz,2.14
2026-06-30,Ermin Mahmić,2.09
2026-06-30,Nicolas Pépé,2.08
2026-06-30,Crysencio Summerville,2.06
2026-06-30,Ramin Rezaeian,2.0
2026-06-30,Maximiliano Araújo,2.0
2026-06-30,Mohamed Salah,1.93
2026-06-30,Raúl Jiménez,1.79
2026-06-30,Kevin De Bruyne,1.75
2026-06-30,Viktor Gyökeres,1.69
2026-06-30,Lamine Yamal,1.64
2026-06-30,Bradley Barcola,1.58
2026-06-30,Thelo Aasgaard,1.53
2026-06-30,Breel Embolo,1.49
2026-06-30,Luis Romo,1.48
2026-06-30,Marcel Sabitzer,1.48
2026-06-30,Trézéguet,1.43
2026-06-30,Nathan Saliba,1.38
2026-06-30,Ruben Vargas,1.35
2026-06-30,Granit Xhaka,1.35
2026-06-30,Matías Galarza,1.33
2026-06-30,Marcus Rashford,1.32
2026-06-30,Soufiane Rahimi,1.29
2026-06-30,Achraf Hakimi,1.29
2026-06-30,Iliman Ndiaye,1.27
2026-06-30,Álex Baena,1.27
2026-06-30,Jamal Musiala,1.25
2026-06-30,João Neves,1.25
2026-06-30,Ante Budimir,1.25
2026-06-30,Promise David,1.25
2026-06-30,Alexander Isak,1.24
2026-06-30,Amad Diallo,1.23
2026-06-30,Franck Kessié,1.19
2026-06-30,Rafael Leão,1.19
2026-06-30,Amine Gouiri,1.18
2026-06-30,Romano Schmid,1.17
2026-06-30,Keito Nakamura,1.17
2026-06-30,Giovani Lo Celso,1.17
2026-06-30,Gonzalo Plata,1.16
2026-06-30,Mateo Chávez,1.16
2026-06-30,Álvaro Fidalgo,1.16
2026-06-30,Alexis Saelemaekers,1.15
2026-06-30,Gessime Yassine,1.15
2026-06-30,Nikola Vlašić,1.15
2026-06-30,Teboho Mokoena,1.14
2026-06-30,Fiston Mayele,1.14
2026-06-30,Leroy Sané,1.14
2026-06-30,Nestory Irankunda,1.13
2026-06-30,Ibrahim Mbaye,1.13
2026-06-30,Connor Metcalfe,1.13
2026-06-30,Giovanni Reyna,1.12
2026-06-30,Sebastian Berhalter,1.12
2026-06-30,Nuno Mendes,1.12
2026-06-30,Désiré Doué,1.12
2026-06-30,Alex Freeman,1.12
2026-06-30,Auston Trusty,1.12
2026-06-30,Maurício,1.11
2026-06-30,Jaminton Campaz,1.11
2026-06-30,Virgil van Dijk,1.11
2026-06-30,Kevin Pina,1.1
2026-06-30,Petar Musa,1.1
2026-06-30,Martin Baturina,1.1
2026-06-30,Petar Sučić,1.1
2026-06-30,Thapelo Maseko,1.09
2026-06-30,Leo Østigård,1.09
2026-07-01,Lionel Messi,8.56
2026-07-01,Kylian Mbappé,7.97
2026-07-01,Erling Haaland,6.8
2026-07-01,Harry Kane,6.56
2026-07-01,Vinícius Júnior,4.81
2026-07-01,Ousmane Dembélé,4.6
2026-07-01,Ismaïla Sarr,4.0
2026-07-01,Ismael Saibari,3.67
2026-07-01,Cristiano Ronaldo,3.54
2026-07-01,Jonathan David,3.54
2026-07-01,Folarin Balogun,3.41
2026-07-01,Matheus Cunha,3.4
2026-07-01,Johan Manzambi,3.35
2026-07-01,Julián Quiñones,3.3
2026-07-01,Mikel Oyarzabal,3.27
2026-07-01,Romelu Lukaku,3.21
2026-07-01,Yoane Wissa,3.0
2026-07-01,Brian Brobbey,3.0
2026-07-01,Kai Havertz,3.0
2026-07-01,Deniz Undav,3.0
2026-07-01,Elijah Just,3.0
2026-07-01,Cody Gakpo,3.0
2026-07-01,Lautaro Martínez,2.71
2026-07-01,Marko Arnautović,2.65
2026-07-01,Riyad Mahrez,2.54
2026-07-01,Raúl Jiménez,2.5
2026-07-01,Daniel Muñoz,2.45
2026-07-01,Bradley Barcola,2.43
2026-07-01,Youri Tielemans,2.42
2026-07-01,Leandro Trossard,2.36
2026-07-01,Jude Bellingham,2.29
2026-07-01,Cyle Larin,2.23
2026-07-01,Rubén Vargas,2.21
2026-07-01,Luis Díaz,2.14
2026-07-01,Habib Diarra,2.0
2026-07-01,Daichi Kamada,2.0
2026-07-01,Ermin Mahmić,2.0
2026-07-01,Ayase Ueda,2.0
2026-07-01,Pape Gueye,2.0
2026-07-01,Yasin Ayari,2.0
2026-07-01,Anthony Elanga,2.0
2026-07-01,Nicolas Pépé,2.0
2026-07-01,Ramin Rezaeian,2.0
2026-07-01,Maximiliano Araújo,2.0
2026-07-01,Crysencio Summerville,2.0
2026-07-01,Amad Diallo,2.0
2026-07-01,Mohamed Salah,1.93
2026-07-01,Lamine Yamal,1.63
2026-07-01,Kevin De Bruyne,1.6
2026-07-01,Breel Embolo,1.49
2026-07-01,Marcel Sabitzer,1.48
2026-07-01,Trézéguet,1.43
2026-07-01,Ruben Vargas,1.35
2026-07-01,Granit Xhaka,1.35
2026-07-01,Malik Tillman,1.33
2026-07-01,Thelo Aasgaard,1.32
2026-07-01,Antonio Nusa,1.32
2026-07-01,Julio Enciso,1.31
2026-07-01,Luis Romo,1.3
2026-07-01,Álex Baena,1.27
2026-07-01,João Neves,1.25
2026-07-01,Ante Budimir,1.25
2026-07-01,Marcus Rashford,1.23
2026-07-01,Nathan Saliba,1.23
2026-07-01,Gabriel Martinelli,1.2
2026-07-01,Soufiane Rahimi,1.19
2026-07-01,Matías Galarza,1.19
2026-07-01,Rafael Leão,1.19
2026-07-01,Achraf Hakimi,1.19
2026-07-01,Amine Gouiri,1.18
2026-07-01,Giovani Lo Celso,1.17
2026-07-01,Romano Schmid,1.17
2026-07-01,Promise David,1.15
2026-07-01,Nikola Vlašić,1.15
2026-07-01,Nestory Irankunda,1.13
2026-07-01,Connor Metcalfe,1.13
2026-07-01,Nuno Mendes,1.12
2026-07-01,Alexis Saelemaekers,1.12
2026-07-01,Jaminton Campaz,1.11
2026-07-01,Martin Baturina,1.1
2026-07-01,Gessime Yassine,1.1
2026-07-01,Mateo Chávez,1.1
2026-07-01,Petar Musa,1.1
2026-07-01,Issa Diop,1.1
2026-07-01,Petar Sučić,1.1
2026-07-01,Álvaro Fidalgo,1.1
2026-07-01,Kevin Pina,1.1
2026-07-01,Casemiro,1.1
2026-07-01,Nadhir Benbouali,1.09
2026-07-01,Rafik Belghali,1.09
2026-07-01,Désiré Doué,1.09
2026-07-01,Giovanni Reyna,1.08
2026-07-01,Sebastian Berhalter,1.08
2026-07-01,Alex Freeman,1.08
2026-07-01,Stephen Eustáquio,1.08
2026-07-01,Auston Trusty,1.08
2026-07-01,Emam Ashour,1.06
2026-07-01,Mahmoud Saber,1.06
2026-07-01,Mostafa Ziko,1.06
2026-07-01,Maurício,1.06
2026-07-02,Lionel Messi,8.54
2026-07-02,Kylian Mbappé,7.95
2026-07-02,Erling Haaland,6.8
2026-07-02,Harry Kane,6.56
2026-07-02,Mikel Oyarzabal,5.13
2026-07-02,Vinícius Júnior,4.81
2026-07-02,Ousmane Dembélé,4.59
2026-07-02,Cristiano Ronaldo,4.21
2026-07-02,Ismaïla Sarr,4.0
2026-07-02,Ismael Saibari,3.67
2026-07-02,Jonathan David,3.54
2026-07-02,Matheus Cunha,3.4
2026-07-02,Folarin Balogun,3.4
2026-07-02,Julián Quiñones,3.3
2026-07-02,Johan Manzambi,3.29
2026-07-02,Romelu Lukaku,3.18
2026-07-02,Kai Havertz,3.0
2026-07-02,Brian Brobbey,3.0
2026-07-02,Cody Gakpo,3.0
2026-07-02,Deniz Undav,3.0
2026-07-02,Elijah Just,3.0
2026-07-02,Yoane Wissa,3.0
2026-07-02,Lautaro Martínez,2.7
2026-07-02,Raúl Jiménez,2.5
2026-07-02,Breel Embolo,2.46
2026-07-02,Daniel Muñoz,2.44
2026-07-02,Bradley Barcola,2.42
2026-07-02,Youri Tielemans,2.41
2026-07-02,Leandro Trossard,2.35
2026-07-02,Jude Bellingham,2.29
2026-07-02,Cyle Larin,2.23
2026-07-02,Rubén Vargas,2.17
2026-07-02,Luis Díaz,2.09
2026-07-02,Anthony Elanga,2.0
2026-07-02,Marko Arnautović,2.0
2026-07-02,Ermin Mahmić,2.0
2026-07-02,Daichi Kamada,2.0
2026-07-02,Amad Diallo,2.0
2026-07-02,Crysencio Summerville,2.0
2026-07-02,Ayase Ueda,2.0
2026-07-02,Yasin Ayari,2.0
2026-07-02,Riyad Mahrez,2.0
2026-07-02,Nicolas Pépé,2.0
2026-07-02,Maximiliano Araújo,2.0
2026-07-02,Habib Diarra,2.0
2026-07-02,Pape Gueye,2.0
2026-07-02,Ramin Rezaeian,2.0
2026-07-02,Mohamed Salah,1.93
2026-07-02,Kevin De Bruyne,1.59
2026-07-02,Lamine Yamal,1.5
2026-07-02,Trézéguet,1.43
2026-07-02,Antonio Nusa,1.32
2026-07-02,Malik Tillman,1.32
2026-07-02,Thelo Aasgaard,1.32
2026-07-02,Julio Enciso,1.31
2026-07-02,Luis Romo,1.3
2026-07-02,Ruben Vargas,1.29
2026-07-02,Granit Xhaka,1.29
2026-07-02,Gonçalo Ramos,1.28
2026-07-02,Nathan Saliba,1.23
2026-07-02,Marcus Rashford,1.23
2026-07-02,Dan Ndoye,1.23
2026-07-02,Álex Baena,1.21
2026-07-02,Gabriel Martinelli,1.2
2026-07-02,Matías Galarza,1.19
2026-07-02,João Neves,1.19
2026-07-02,Soufiane Rahimi,1.19
2026-07-02,Achraf Hakimi,1.19
2026-07-02,Giovani Lo Celso,1.17
2026-07-02,Promise David,1.15
2026-07-02,Rafael Leão,1.14
2026-07-02,Connor Metcalfe,1.13
2026-07-02,Nestory Irankunda,1.13
2026-07-02,Alexis Saelemaekers,1.12
2026-07-02,Jaminton Campaz,1.11
2026-07-02,Issa Diop,1.1
2026-07-02,Álvaro Fidalgo,1.1
2026-07-02,Mateo Chávez,1.1
2026-07-02,Casemiro,1.1
2026-07-02,Gessime Yassine,1.1
2026-07-02,Kevin Pina,1.1
2026-07-02,Nuno Mendes,1.09
2026-07-02,Stephen Eustáquio,1.08
2026-07-02,Giovanni Reyna,1.08
2026-07-02,Alex Freeman,1.08
2026-07-02,Désiré Doué,1.08
2026-07-02,Auston Trusty,1.08
2026-07-02,Sebastian Berhalter,1.08
2026-07-02,Pedro Porro,1.07
2026-07-02,Mahmoud Saber,1.06
2026-07-02,Maurício,1.06
2026-07-02,Mostafa Ziko,1.06
2026-07-02,Emam Ashour,1.06
2026-07-02,Hélio Varela,1.05
2026-07-02,Leo Østigård,1.05
2026-07-02,Derrick Luckassen,1.05
2026-07-02,Marcus Holmgren Pedersen,1.05
2026-07-02,Caleb Yirenkyi,1.05
2026-07-02,Hwang In-beom,1.0
2026-07-02,Aymen Hussein,1.0
2026-07-03,Lionel Messi,9.02
2026-07-03,Kylian Mbappé,7.95
2026-07-03,Erling Haaland,6.8
2026-07-03,Harry Kane,6.56
2026-07-03,Mikel Oyarzabal,5.13
2026-07-03,Vinícius Júnior,4.81
2026-07-03,Ousmane Dembélé,4.59
2026-07-03,Cristiano Ronaldo,4.21
2026-07-03,Ismaïla Sarr,4.0
2026-07-03,Ismael Saibari,3.67
2026-07-03,Jonathan David,3.54
2026-07-03,Folarin Balogun,3.4
2026-07-03,Matheus Cunha,3.4
2026-07-03,Julián Quiñones,3.3
2026-07-03,Johan Manzambi,3.27
2026-07-03,Romelu Lukaku,3.18
2026-07-03,Deniz Undav,3.0
2026-07-03,Kai Havertz,3.0
2026-07-03,Brian Brobbey,3.0
2026-07-03,Yoane Wissa,3.0
2026-07-03,Cody Gakpo,3.0
2026-07-03,Elijah Just,3.0
2026-07-03,Raúl Jiménez,2.5
2026-07-03,Breel Embolo,2.44
2026-07-03,Bradley Barcola,2.42
2026-07-03,Youri Tielemans,2.41
2026-07-03,Leandro Trossard,2.35
2026-07-03,Daniel Muñoz,2.3
2026-07-03,Jude Bellingham,2.29
2026-07-03,Lautaro Martínez,2.26
2026-07-03,Cyle Larin,2.23
2026-07-03,Rubén Vargas,2.16
2026-07-03,Emam Ashour,2.09
2026-07-03,Pape Gueye,2.0
2026-07-03,Riyad Mahrez,2.0
2026-07-03,Anthony Elanga,2.0
2026-07-03,Yasin Ayari,2.0
2026-07-03,Crysencio Summerville,2.0
2026-07-03,Habib Diarra,2.0
2026-07-03,Ermin Mahmić,2.0
2026-07-03,Nicolas Pépé,2.0
2026-07-03,Daichi Kamada,2.0
2026-07-03,Marko Arnautović,2.0
2026-07-03,Ayase Ueda,2.0
2026-07-03,Maximiliano Araújo,2.0
2026-07-03,Amad Diallo,2.0
2026-07-03,Ramin Rezaeian,2.0
2026-07-03,Luis Díaz,1.76
2026-07-03,Mohamed Salah,1.69
2026-07-03,Kevin De Bruyne,1.59
2026-07-03,Lamine Yamal,1.5
2026-07-03,Malik Tillman,1.32
2026-07-03,Thelo Aasgaard,1.32
2026-07-03,Trézéguet,1.32
2026-07-03,Antonio Nusa,1.32
2026-07-03,Julio Enciso,1.31
2026-07-03,Luis Romo,1.3
2026-07-03,Gonçalo Ramos,1.28
2026-07-03,Ruben Vargas,1.27
2026-07-03,Granit Xhaka,1.27
2026-07-03,Lisandro Martínez,1.25
2026-07-03,Nathan Saliba,1.23
2026-07-03,Marcus Rashford,1.23
2026-07-03,Dan Ndoye,1.22
2026-07-03,Álex Baena,1.21
2026-07-03,Gabriel Martinelli,1.2
2026-07-03,Achraf Hakimi,1.19
2026-07-03,Soufiane Rahimi,1.19
2026-07-03,João Neves,1.19
2026-07-03,Matías Galarza,1.19
2026-07-03,Promise David,1.15
2026-07-03,Rafael Leão,1.14
2026-07-03,Giovani Lo Celso,1.13
2026-07-03,Alexis Saelemaekers,1.12
2026-07-03,Casemiro,1.1
2026-07-03,Issa Diop,1.1
2026-07-03,Álvaro Fidalgo,1.1
2026-07-03,Gessime Yassine,1.1
2026-07-03,Mateo Chávez,1.1
2026-07-03,Nuno Mendes,1.09
2026-07-03,Jaminton Campaz,1.08
2026-07-03,Jhon Arias,1.08
2026-07-03,Giovanni Reyna,1.08
2026-07-03,Auston Trusty,1.08
2026-07-03,Alex Freeman,1.08
2026-07-03,Stephen Eustáquio,1.08
2026-07-03,Sebastian Berhalter,1.08
2026-07-03,Désiré Doué,1.08
2026-07-03,Pedro Porro,1.07
2026-07-03,Maurício,1.06
2026-07-03,Mostafa Ziko,1.05
2026-07-03,Mahmoud Saber,1.05
2026-07-03,Marcus Holmgren Pedersen,1.05
2026-07-03,Leo Østigård,1.05
2026-07-03,Arda Güler,1.0
2026-07-03,Ante Budimir,1.0
2026-07-03,Teboho Mokoena,1.0
2026-07-03,Wilson Isidor,1.0
2026-07-03,Viktor Gyökeres,1.0
2026-07-03,Virgil van Dijk,1.0
2026-07-04,Lionel Messi,9.02
2026-07-04,Kylian Mbappé,8.48
2026-07-04,Erling Haaland,6.8
2026-07-04,Harry Kane,6.56
2026-07-04,Mikel Oyarzabal,5.12
2026-07-04,Vinícius Júnior,4.81
2026-07-04,Ousmane Dembélé,4.43
2026-07-04,Cristiano Ronaldo,4.2
2026-07-04,Ismaïla Sarr,4.0
2026-07-04,Ismael Saibari,3.5
2026-07-04,Matheus Cunha,3.4
2026-07-04,Folarin Balogun,3.4
2026-07-04,Julián Quiñones,3.3
2026-07-04,Johan Manzambi,3.27
2026-07-04,Romelu Lukaku,3.17
2026-07-04,Brian Brobbey,3.0
2026-07-04,Jonathan David,3.0
2026-07-04,Kai Havertz,3.0
2026-07-04,Cody Gakpo,3.0
2026-07-04,Elijah Just,3.0
2026-07-04,Deniz Undav,3.0
2026-07-04,Yoane Wissa,3.0
2026-07-04,Raúl Jiménez,2.5
2026-07-04,Breel Embolo,2.44
2026-07-04,Youri Tielemans,2.41
2026-07-04,Azzedine Ounahi,2.36
2026-07-04,Leandro Trossard,2.35
2026-07-04,Bradley Barcola,2.31
2026-07-04,Daniel Muñoz,2.3
2026-07-04,Jude Bellingham,2.29
2026-07-04,Lautaro Martínez,2.27
2026-07-04,Soufiane Rahimi,2.21
2026-07-04,Rubén Vargas,2.16
2026-07-04,Emam Ashour,2.09
2026-07-04,Crysencio Summerville,2.0
2026-07-04,Maximiliano Araújo,2.0
2026-07-04,Marko Arnautović,2.0
2026-07-04,Nicolas Pépé,2.0
2026-07-04,Ayase Ueda,2.0
2026-07-04,Pape Gueye,2.0
2026-07-04,Ramin Rezaeian,2.0
2026-07-04,Riyad Mahrez,2.0
2026-07-04,Amad Diallo,2.0
2026-07-04,Anthony Elanga,2.0
2026-07-04,Yasin Ayari,2.0
2026-07-04,Habib Diarra,2.0
2026-07-04,Daichi Kamada,2.0
2026-07-04,Ermin Mahmić,2.0
2026-07-04,Cyle Larin,2.0
2026-07-04,Luis Díaz,1.76
2026-07-04,Mohamed Salah,1.69
2026-07-04,Kevin De Bruyne,1.59
2026-07-04,Lamine Yamal,1.49
2026-07-04,Trézéguet,1.32
2026-07-04,Thelo Aasgaard,1.32
2026-07-04,Antonio Nusa,1.32
2026-07-04,Malik Tillman,1.32
2026-07-04,Luis Romo,1.3
2026-07-04,Gonçalo Ramos,1.28
2026-07-04,Granit Xhaka,1.27
2026-07-04,Ruben Vargas,1.27
2026-07-04,Lisandro Martínez,1.25
2026-07-04,Marcus Rashford,1.23
2026-07-04,Dan Ndoye,1.22
2026-07-04,Álex Baena,1.21
2026-07-04,Gabriel Martinelli,1.2
2026-07-04,João Neves,1.18
2026-07-04,Rafael Leão,1.14
2026-07-04,Achraf Hakimi,1.14
2026-07-04,Giovani Lo Celso,1.13
2026-07-04,Alexis Saelemaekers,1.12
2026-07-04,Casemiro,1.1
2026-07-04,Mateo Chávez,1.1
2026-07-04,Álvaro Fidalgo,1.1
2026-07-04,Nuno Mendes,1.09
2026-07-04,Auston Trusty,1.08
2026-07-04,Sebastian Berhalter,1.08
2026-07-04,Jaminton Campaz,1.08
2026-07-04,Giovanni Reyna,1.08
2026-07-04,Jhon Arias,1.08
2026-07-04,Alex Freeman,1.08
2026-07-04,Gessime Yassine,1.07
2026-07-04,Issa Diop,1.07
2026-07-04,Pedro Porro,1.07
2026-07-04,Désiré Doué,1.06
2026-07-04,Mahmoud Saber,1.05
2026-07-04,Marcus Holmgren Pedersen,1.05
2026-07-04,Leo Østigård,1.05
2026-07-04,Mostafa Ziko,1.05
2026-07-04,Eldor Shomurodov,1.0
2026-07-04,Hassan Al-Haydos,1.0
2026-07-04,Nikola Vlašić,1.0
2026-07-04,Nilson Angulo,1.0
2026-07-04,Ante Budimir,1.0
2026-07-04,Sidny Lopes Cabral,1.0
2026-07-04,Hélio Varela,1.0
2026-07-04,Hwang In-beom,1.0
2026-07-04,Ibrahim Mbaye,1.0
2026-07-04,Gonzalo Plata,1.0
2026-07-04,Hazem Mastouri,1.0
2026-07-05,Lionel Messi,9.03
2026-07-05,Erling Haaland,8.8
2026-07-05,Kylian Mbappé,8.48
2026-07-05,Harry Kane,7.59
2026-07-05,Mikel Oyarzabal,5.12
2026-07-05,Ousmane Dembélé,4.43
2026-07-05,Jude Bellingham,4.4
2026-07-05,Cristiano Ronaldo,4.2
2026-07-05,Julián Quiñones,4.0
2026-07-05,Vinícius Júnior,4.0
2026-07-05,Ismaïla Sarr,4.0
2026-07-05,Ismael Saibari,3.5
2026-07-05,Folarin Balogun,3.4
2026-07-05,Johan Manzambi,3.27
2026-07-05,Romelu Lukaku,3.17
2026-07-05,Kai Havertz,3.0
2026-07-05,Cody Gakpo,3.0
2026-07-05,Matheus Cunha,3.0
2026-07-05,Brian Brobbey,3.0
2026-07-05,Raúl Jiménez,3.0
2026-07-05,Deniz Undav,3.0
2026-07-05,Jonathan David,3.0
2026-07-05,Elijah Just,3.0
2026-07-05,Yoane Wissa,3.0
2026-07-05,Breel Embolo,2.44
2026-07-05,Youri Tielemans,2.41
2026-07-05,Azzedine Ounahi,2.36
2026-07-05,Leandro Trossard,2.35
2026-07-05,Bradley Barcola,2.31
2026-07-05,Daniel Muñoz,2.3
2026-07-05,Lautaro Martínez,2.27
2026-07-05,Soufiane Rahimi,2.21
2026-07-05,Rubén Vargas,2.16
2026-07-05,Emam Ashour,2.09
2026-07-05,Crysencio Summerville,2.0
2026-07-05,Nicolas Pépé,2.0
2026-07-05,Ayase Ueda,2.0
2026-07-05,Maximiliano Araújo,2.0
2026-07-05,Marko Arnautović,2.0
2026-07-05,Anthony Elanga,2.0
2026-07-05,Ramin Rezaeian,2.0
2026-07-05,Amad Diallo,2.0
2026-07-05,Yasin Ayari,2.0
2026-07-05,Riyad Mahrez,2.0
2026-07-05,Pape Gueye,2.0
2026-07-05,Ermin Mahmić,2.0
2026-07-05,Cyle Larin,2.0
2026-07-05,Habib Diarra,2.0
2026-07-05,Daichi Kamada,2.0
2026-07-05,Luis Díaz,1.76
2026-07-05,Mohamed Salah,1.69
2026-07-05,Kevin De Bruyne,1.59
2026-07-05,Lamine Yamal,1.49
2026-07-05,Trézéguet,1.32
2026-07-05,Malik Tillman,1.32
2026-07-05,Antonio Nusa,1.3
2026-07-05,Thelo Aasgaard,1.3
2026-07-05,Gonçalo Ramos,1.28
2026-07-05,Ruben Vargas,1.27
2026-07-05,Granit Xhaka,1.27
2026-07-05,Lisandro Martínez,1.25
2026-07-05,Marcus Rashford,1.23
2026-07-05,Dan Ndoye,1.22
2026-07-05,Álex Baena,1.21
2026-07-05,João Neves,1.18
2026-07-05,Rafael Leão,1.14
2026-07-05,Achraf Hakimi,1.14
2026-07-05,Giovani Lo Celso,1.13
2026-07-05,Alexis Saelemaekers,1.12
2026-07-05,Nuno Mendes,1.09
2026-07-05,Jhon Arias,1.08
2026-07-05,Auston Trusty,1.08
2026-07-05,Giovanni Reyna,1.08
2026-07-05,Alex Freeman,1.08
2026-07-05,Sebastian Berhalter,1.08
2026-07-05,Jaminton Campaz,1.08
2026-07-05,Pedro Porro,1.07
2026-07-05,Issa Diop,1.07
2026-07-05,Gessime Yassine,1.07
2026-07-05,Désiré Doué,1.06
2026-07-05,Mahmoud Saber,1.05
2026-07-05,Leo Østigård,1.05
2026-07-05,Mostafa Ziko,1.05
2026-07-05,Marcus Holmgren Pedersen,1.05
2026-07-05,Gabriel Martinelli,1.0
2026-07-05,Saša Kalajdžić,1.0
2026-07-05,Amine Gouiri,1.0
2026-07-05,Arda Güler,1.0
2026-07-05,Ali Olwan,1.0
2026-07-05,Petar Musa,1.0
2026-07-05,Nilson Angulo,1.0
2026-07-05,Teboho Mokoena,1.0
2026-07-05,Eldor Shomurodov,1.0
2026-07-05,Hélio Varela,1.0
2026-07-05,Hwang In-beom,1.0
2026-07-05,Ibrahim Mbaye,1.0
2026-07-05,Nico Schlotterbeck,1.0
2026-07-05,Nestory Irankunda,1.0
2026-07-05,Neymar,1.0
2026-07-05,Petar Sučić,1.0
2026-07-06,Lionel Messi,9.03
2026-07-06,Erling Haaland,8.8
2026-07-06,Kylian Mbappé,8.45
2026-07-06,Harry Kane,7.59
2026-07-06,Mikel Oyarzabal,4.93
2026-07-06,Ousmane Dembélé,4.42
2026-07-06,Jude Bellingham,4.4
2026-07-06,Vinícius Júnior,4.0
2026-07-06,Ismaïla Sarr,4.0
2026-07-06,Julián Quiñones,4.0
2026-07-06,Romelu Lukaku,3.93
2026-07-06,Ismael Saibari,3.49
2026-07-06,Johan Manzambi,3.27
2026-07-06,Jonathan David,3.0
2026-07-06,Deniz Undav,3.0
2026-07-06,Matheus Cunha,3.0
2026-07-06,Brian Brobbey,3.0
2026-07-06,Kai Havertz,3.0
2026-07-06,Cristiano Ronaldo,3.0
2026-07-06,Raúl Jiménez,3.0
2026-07-06,Cody Gakpo,3.0
2026-07-06,Yoane Wissa,3.0
2026-07-06,Elijah Just,3.0
2026-07-06,Folarin Balogun,3.0
2026-07-06,Breel Embolo,2.44
2026-07-06,Azzedine Ounahi,2.35
2026-07-06,Youri Tielemans,2.31
2026-07-06,Bradley Barcola,2.3
2026-07-06,Daniel Muñoz,2.3
2026-07-06,Lautaro Martínez,2.27
2026-07-06,Leandro Trossard,2.27
2026-07-06,Charles De Ketelaere,2.22
2026-07-06,Soufiane Rahimi,2.21
2026-07-06,Rubén Vargas,2.16
2026-07-06,Emam Ashour,2.09
2026-07-06,Pape Gueye,2.0
2026-07-06,Amad Diallo,2.0
2026-07-06,Ramin Rezaeian,2.0
2026-07-06,Ayase Ueda,2.0
2026-07-06,Anthony Elanga,2.0
2026-07-06,Riyad Mahrez,2.0
2026-07-06,Daichi Kamada,2.0
2026-07-06,Cyle Larin,2.0
2026-07-06,Ermin Mahmić,2.0
2026-07-06,Yasin Ayari,2.0
2026-07-06,Crysencio Summerville,2.0
2026-07-06,Habib Diarra,2.0
2026-07-06,Nicolas Pépé,2.0
2026-07-06,Marko Arnautović,2.0
2026-07-06,Maximiliano Araújo,2.0
2026-07-06,Malik Tillman,2.0
2026-07-06,Luis Díaz,1.76
2026-07-06,Mohamed Salah,1.69
2026-07-06,Mikel Merino,1.64
2026-07-06,Kevin De Bruyne,1.44
2026-07-06,Lamine Yamal,1.41
2026-07-06,Trézéguet,1.32
2026-07-06,Antonio Nusa,1.3
2026-07-06,Thelo Aasgaard,1.3
2026-07-06,Ruben Vargas,1.27
2026-07-06,Granit Xhaka,1.27
2026-07-06,Lisandro Martínez,1.25
2026-07-06,Marcus Rashford,1.23
2026-07-06,Dan Ndoye,1.22
2026-07-06,Álex Baena,1.17
2026-07-06,Achraf Hakimi,1.14
2026-07-06,Giovani Lo Celso,1.13
2026-07-06,Hans Vanaken,1.13
2026-07-06,Alexis Saelemaekers,1.09
2026-07-06,Jaminton Campaz,1.08
2026-07-06,Jhon Arias,1.08
2026-07-06,Gessime Yassine,1.07
2026-07-06,Issa Diop,1.07
2026-07-06,Désiré Doué,1.06
2026-07-06,Pedro Porro,1.06
2026-07-06,Leo Østigård,1.05
2026-07-06,Mostafa Ziko,1.05
2026-07-06,Mahmoud Saber,1.05
2026-07-06,Marcus Holmgren Pedersen,1.05
2026-07-06,Rafael Leão,1.0
2026-07-06,Promise David,1.0
2026-07-06,Omar Rekik,1.0
2026-07-06,Aymen Hussein,1.0
2026-07-06,Auston Trusty,1.0
2026-07-06,Barış Alper Yılmaz,1.0
2026-07-06,Petar Sučić,1.0
2026-07-06,Saša Kalajdžić,1.0
2026-07-06,Sidny Lopes Cabral,1.0
2026-07-06,Romano Schmid,1.0
2026-07-06,Amine Gouiri,1.0
2026-07-06,Stephen Eustáquio,1.0
2026-07-06,Arda Güler,1.0
2026-07-06,Wilson Isidor,1.0
2026-07-06,Virgil van Dijk,1.0
2026-07-06,Viktor Gyökeres,1.0
2026-07-06,Ante Budimir,1.0
2026-07-06,Petar Musa,1.0
2026-07-06,Rafik Belghali,1.0
2026-07-06,Teboho Mokoena,1.0
2026-07-06,Ali Olwan,1.0
